dataset,mass,a_val,alpha0,alpha1,beta1,alpha2,beta2,alpha1_plus_2beta1,alpha1_minus_beta1,r_alpha2,second_neighbor_family,C_pc5,hyperplane_residual_raw,PC1,PC2,PC3,PC4,PC5
dataframe000015,50.0,2.2,5.173158,-0.32133752,-0.017194431,0.00016187962,-0.65061355,-0.3557264,-0.3041431,0.0002487488,$\beta_2$-dominated,4.889289876964068e-05,4.8892898769839726e-05,0.010392151329199661,-0.32943019969773163,-1.205245514426494,0.5607439534747622,4.889289876964068e-05
dataframe000015,50.0,2.2,5.173158,-0.32133752,0.02599165,0.00016187962,-0.65061355,-0.26935422,-0.34732917,0.0002487488,$\beta_2$-dominated,4.4043790731172405e-05,4.404379073139921e-05,0.08172212710551599,-0.22903907441212468,-1.223587063413049,0.5566054694986106,4.4043790731172405e-05
dataframe000015,50.0,2.2,5.173158,-0.32133752,0.02599165,0.00016187962,-0.65061355,-0.26935422,-0.34732917,0.0002487488,$\beta_2$-dominated,4.4043790731172405e-05,4.404379073139921e-05,0.08172212710551599,-0.22903907441212468,-1.223587063413049,0.5566054694986106,4.4043790731172405e-05
dataframe000015,50.0,2.2,5.173158,-0.32133752,0.63161784,0.00016187962,-0.65061355,0.94189817,-0.95295537,0.0002487488,$\beta_2$-dominated,-2.4188161236556397e-05,-2.4188161236301836e-05,1.0820284027376654,1.1788103951893372,-1.4808022964272072,0.49856897373742126,-2.4188161236556397e-05
dataframe000015,50.0,2.2,5.173158,-0.32133752,0.02599165,0.00016187962,-0.65061355,-0.26935422,-0.34732917,0.0002487488,$\beta_2$-dominated,4.4043790731172405e-05,4.404379073139921e-05,0.08172212710551599,-0.22903907441212468,-1.223587063413049,0.5566054694986106,4.4043790731172405e-05
dataframe000015,90.0,2.0,9.6891165,-1.0523655,0.13513018,0.00015921835,-0.3175443,-0.7821052,-1.1874957,0.0005011539,$\beta_2$-dominated,-0.00015076423807121558,-0.00015076423807129711,0.39532183781427804,0.9524422564266567,1.8197339382575957,0.960625334446619,-0.00015076423807121558
dataframe000015,90.0,2.0,9.6891165,-1.0523655,-0.42466015,0.00015921835,-0.3175443,-1.9016858,-0.6277054,0.0005011539,$\beta_2$-dominated,-8.769631591339326e-05,-8.769631591341932e-05,-0.5292778036480726,-0.34885630236110765,2.057482233971579,1.0142694277405613,-8.769631591339326e-05
dataframe000015,90.0,2.0,9.6891165,-1.0523655,-0.3201071,0.00015921835,-0.3175443,-1.6925797,-0.73225844,0.0005011539,$\beta_2$-dominated,-9.947562519115287e-05,-9.947562519123444e-05,-0.35658866529871097,-0.10581042955835937,2.0130775570825183,1.004250223932725,-9.947562519115287e-05
dataframe000015,90.0,2.0,9.6891165,-1.0523655,-0.20849241,0.00015921835,-0.3175443,-1.4693503,-0.84387314,0.0005011539,$\beta_2$-dominated,-0.00011205052565889621,-0.00011205052565897778,-0.17223585857643706,0.15365110485966255,1.9656737255830932,0.9935543089449486,-0.00011205052565889621
dataframe000015,90.0,2.0,9.6891165,-1.0523655,-0.42466015,0.00015921835,-0.3175443,-1.9016858,-0.6277054,0.0005011539,$\beta_2$-dominated,-8.769631591339326e-05,-8.769631591341932e-05,-0.5292778036480726,-0.34885630236110765,2.057482233971579,1.0142694277405613,-8.769631591339326e-05
dataframe000014,70.0,2.6,5.417704,-0.2274639,-0.1044155,-1.7990142,-0.00057596347,-0.4362949,-0.1230484,0.9996799,$\alpha_2$-dominated,-0.0006167378289297803,-0.0006167378289295114,2.1324985251391486,-2.123493579525672,-0.30077291205109885,-1.4444351043509436,-0.0006167378289297803
dataframe000014,70.0,2.6,5.417704,-0.2274639,0.15052652,-1.7990142,-0.00057596347,0.073589146,-0.37799042,0.9996799,$\alpha_2$-dominated,-0.0006454522909063892,-0.0006454522909060093,2.553583527509136,-1.5308507922874584,-0.4090492317641287,-1.4688659245692632,-0.0006454522909063892
dataframe000014,70.0,2.6,5.417704,-0.2274639,0.15052652,-1.7990142,-0.00057596347,0.073589146,-0.37799042,0.9996799,$\alpha_2$-dominated,-0.0006454522909063892,-0.0006454522909060093,2.553583527509136,-1.5308507922874584,-0.4090492317641287,-1.4688659245692632,-0.0006454522909063892
dataframe000014,70.0,2.6,5.417704,-0.2274639,-0.25398344,-1.7990142,-0.00057596347,-0.7354308,0.026519537,0.9996799,$\alpha_2$-dominated,-0.0005998787928178533,-0.0005998787928174734,1.8854587732584032,-2.4711818726908796,-0.23724998533980057,-1.4301021774923857,-0.0005998787928178533
dataframe000014,70.0,2.6,5.417704,-0.2274639,0.15052652,-1.7990142,-0.00057596347,0.073589146,-0.37799042,0.9996799,$\alpha_2$-dominated,-0.0006454522909063892,-0.0006454522909060093,2.553583527509136,-1.5308507922874584,-0.4090492317641287,-1.4688659245692632,-0.0006454522909063892
dataframe000016,100.0,2.4,8.6356535,-0.88870317,-0.031932484,8.442586e-05,-0.38150993,-0.9525681,-0.8567707,0.00022124505,$\beta_2$-dominated,-0.0001261715222165575,-0.00012617152221646284,0.10550000854795477,0.3422012546615256,1.1804138259255321,0.897430125862013,-0.0001261715222165575
dataframe000016,100.0,2.4,8.6356535,-0.88870317,-0.031932484,8.442586e-05,-0.38150993,-0.9525681,-0.8567707,0.00022124505,$\beta_2$-dominated,-0.0001261715222165575,-0.00012617152221646284,0.10550000854795477,0.3422012546615256,1.1804138259255321,0.897430125862013,-0.0001261715222165575
dataframe000016,100.0,2.4,8.6356535,-0.88870317,-0.009390977,8.442586e-05,-0.38150993,-0.9074851,-0.8793122,0.00022124505,$\beta_2$-dominated,-0.00012874389759398732,-0.00012874389759389267,0.14273157824819835,0.39460164319913127,1.1708402516338516,0.8952700169259717,-0.00012874389759398732
dataframe000016,100.0,2.4,8.6356535,-0.88870317,-0.07547188,8.442586e-05,-0.38150993,-1.0396469,-0.8132313,0.00022124505,$\beta_2$-dominated,-0.00012123345249048934,-0.00012123345249028368,0.03358646310245068,0.24098881490806673,1.198905401323495,0.9016024388473164,-0.00012123345249048934
dataframe000016,100.0,2.4,8.6356535,-0.88870317,0.38308585,8.442586e-05,-0.38150993,-0.12253147,-1.2717891,0.00022124505,$\beta_2$-dominated,-0.00017299447332436304,-0.00017299447332421288,0.7909813610858456,1.3069603147523112,1.0041516057919984,0.8576594096769529,-0.00017299447332436304
dataframe000013,90.0,2.2,8.50909,-0.39158443,-0.12185612,0.0001213388,-1.3441094,-0.6352967,-0.2697283,9.0266345e-05,$\beta_2$-dominated,-4.37576450798994e-05,-4.375764507963319e-05,-1.236969826462144,0.4825518694140082,0.40696673550705537,-0.3260984004012024,-4.37576450798994e-05
dataframe000013,90.0,2.2,8.50909,-0.39158443,-0.12185612,0.0001213388,-1.3441094,-0.6352967,-0.2697283,9.0266345e-05,$\beta_2$-dominated,-4.37576450798994e-05,-4.375764507963319e-05,-1.236969826462144,0.4825518694140082,0.40696673550705537,-0.3260984004012024,-4.37576450798994e-05
dataframe000013,90.0,2.2,8.50909,-0.39158443,-0.12185612,0.0001213388,-1.3441094,-0.6352967,-0.2697283,9.0266345e-05,$\beta_2$-dominated,-4.37576450798994e-05,-4.375764507963319e-05,-1.236969826462144,0.4825518694140082,0.40696673550705537,-0.3260984004012024,-4.37576450798994e-05
dataframe000013,90.0,2.2,8.50909,-0.39158443,0.13968027,0.0001213388,-1.3441094,-0.11222389,-0.53126466,9.0266345e-05,$\beta_2$-dominated,-7.317408671590928e-05,-7.317408671575409e-05,-0.8049930009126433,1.0905240193222354,0.29588970520669833,-0.3511611744576497,-7.317408671590928e-05
dataframe000013,90.0,2.2,8.50909,-0.39158443,-0.12185612,0.0001213388,-1.3441094,-0.6352967,-0.2697283,9.0266345e-05,$\beta_2$-dominated,-4.37576450798994e-05,-4.375764507963319e-05,-1.236969826462144,0.4825518694140082,0.40696673550705537,-0.3260984004012024,-4.37576450798994e-05
dataframe000013,80.0,2.6,8.636248,-0.09534331,0.6851603,0.00011030561,-1.9683768,1.2749772,-0.7805036,5.6035733e-05,$\beta_2$-dominated,-0.00010489139962197377,-0.00010489139962172552,-0.691386446358312,2.6341812403222917,-0.33072191419663305,-1.203113323496997,-0.00010489139962197377
dataframe000013,80.0,2.6,8.636248,-0.09534331,0.6851603,0.00011030561,-1.9683768,1.2749772,-0.7805036,5.6035733e-05,$\beta_2$-dominated,-0.00010489139962197377,-0.00010489139962172552,-0.691386446358312,2.6341812403222917,-0.33072191419663305,-1.203113323496997,-0.00010489139962197377
dataframe000013,80.0,2.6,8.636248,-0.09534331,0.6851603,0.00011030561,-1.9683768,1.2749772,-0.7805036,5.6035733e-05,$\beta_2$-dominated,-0.00010489139962197377,-0.00010489139962172552,-0.691386446358312,2.6341812403222917,-0.33072191419663305,-1.203113323496997,-0.00010489139962197377
dataframe000013,80.0,2.6,8.636248,-0.09534331,-0.63806206,0.00011030561,-1.9683768,-1.3714675,0.54271877,5.6035733e-05,$\beta_2$-dominated,4.418742776903998e-05,4.418742776928824e-05,-2.8769385565162504,-0.4418050391077025,0.23126325871813305,-1.0763103743733589,4.418742776903998e-05
dataframe000013,80.0,2.6,8.636248,-0.09534331,0.6851603,0.00011030561,-1.9683768,1.2749772,-0.7805036,5.6035733e-05,$\beta_2$-dominated,-0.00010489139962197377,-0.00010489139962172552,-0.691386446358312,2.6341812403222917,-0.33072191419663305,-1.203113323496997,-0.00010489139962197377
dataframe000015,80.0,2.8,8.647331,-0.41463128,-0.06378511,0.0003994952,-1.3325737,-0.5422015,-0.35084617,0.00029970237,$\beta_2$-dominated,6.0580703802130385e-05,6.058070380223572e-05,-1.1355676570040951,0.64560531915691,0.4778063763268311,-0.3168859436862993,6.0580703802130385e-05
dataframe000015,80.0,2.8,8.647331,-0.41463128,-0.06378511,0.0003994952,-1.3325737,-0.5422015,-0.35084617,0.00029970237,$\beta_2$-dominated,6.0580703802130385e-05,6.058070380223572e-05,-1.1355676570040951,0.64560531915691,0.4778063763268311,-0.3168859436862993,6.0580703802130385e-05
dataframe000015,80.0,2.8,8.647331,-0.41463128,-0.5936844,0.0003994952,-1.3325737,-1.602,0.1790531,0.00029970237,$\beta_2$-dominated,0.0001203137661308344,0.00012031376613110627,-2.0107965612093515,-0.5862079468663999,0.7028596341021878,-0.26610629697803595,0.0001203137661308344
dataframe000015,80.0,2.8,8.647331,-0.41463128,0.80410737,0.0003994952,-1.3325737,1.1935835,-1.2187387,0.00029970237,$\beta_2$-dominated,-3.7199081900170674e-05,-3.719908190023187e-05,0.29792105975190636,2.663123731994262,0.10920413590746586,-0.40005513282404315,-3.7199081900170674e-05
dataframe000015,80.0,2.8,8.647331,-0.41463128,-0.06378511,0.0003994952,-1.3325737,-0.5422015,-0.35084617,0.00029970237,$\beta_2$-dominated,6.0580703802130385e-05,6.058070380223572e-05,-1.1355676570040951,0.64560531915691,0.4778063763268311,-0.3168859436862993,6.0580703802130385e-05
dataframe000015,60.0,2.0,6.653391,-0.56493896,-0.118018456,-1.0669264,0.00017487889,-0.80097586,-0.4469205,0.9998361,$\alpha_2$-dominated,4.123114389589981e-06,4.123114389672242e-06,1.4354273827393826,-1.2990706923630493,0.3921715327958863,-0.2879610862152487,4.123114389589981e-06
dataframe000015,60.0,2.0,6.653391,-0.56493896,-0.118018456,-1.0669264,0.00017487889,-0.80097586,-0.4469205,0.9998361,$\alpha_2$-dominated,4.123114389589981e-06,4.123114389672242e-06,1.4354273827393826,-1.2990706923630493,0.3921715327958863,-0.2879610862152487,4.123114389589981e-06
dataframe000015,60.0,2.0,6.653391,-0.56493896,-0.118018456,-1.0669264,0.00017487889,-0.80097586,-0.4469205,0.9998361,$\alpha_2$-dominated,4.123114389589981e-06,4.123114389672242e-06,1.4354273827393826,-1.2990706923630493,0.3921715327958863,-0.2879610862152487,4.123114389589981e-06
dataframe000015,60.0,2.0,6.653391,-0.56493896,-0.118018456,-1.0669264,0.00017487889,-0.80097586,-0.4469205,0.9998361,$\alpha_2$-dominated,4.123114389589981e-06,4.123114389672242e-06,1.4354273827393826,-1.2990706923630493,0.3921715327958863,-0.2879610862152487,4.123114389589981e-06
dataframe000015,60.0,2.0,6.653391,-0.56493896,-0.118018456,-1.0669264,0.00017487889,-0.80097586,-0.4469205,0.9998361,$\alpha_2$-dominated,4.123114389589981e-06,4.123114389672242e-06,1.4354273827393826,-1.2990706923630493,0.3921715327958863,-0.2879610862152487,4.123114389589981e-06
dataframe000015,90.0,2.8,6.6929307,-0.34825087,-0.14433007,0.0012352039,-0.97673213,-0.63691103,-0.2039208,0.0012630319,$\beta_2$-dominated,0.0004671887250023158,0.0004671887250027487,-0.7028664717779506,-0.13946610032501425,-0.4451295112558109,0.1527712697110063,0.0004671887250023158
dataframe000015,90.0,2.8,6.6929307,-0.34825087,-0.6965913,0.0012352039,-0.97673213,-1.7414335,0.34834045,0.0012630319,$\beta_2$-dominated,0.0005294247810590239,0.0005294247810594568,-1.6150304267934001,-1.4232624409697108,-0.21057889437371863,0.20569385066667323,0.0005294247810590239
dataframe000015,90.0,2.8,6.6929307,-0.34825087,-0.5770074,0.0012352039,-0.97673213,-1.5022657,0.22875655,0.0012630319,$\beta_2$-dominated,0.000515952042754703,0.0005159520427550249,-1.4175149771074063,-1.1452755604987355,-0.2613673215309644,0.19423425590283305,0.000515952042754703
dataframe000015,90.0,2.8,6.6929307,-0.34825087,-0.6965913,0.0012352039,-0.97673213,-1.7414335,0.34834045,0.0012630319,$\beta_2$-dominated,0.0005294247810590239,0.0005294247810594568,-1.6150304267934001,-1.4232624409697108,-0.21057889437371863,0.20569385066667323,0.0005294247810590239
dataframe000015,90.0,2.8,6.6929307,-0.34825087,-0.14433007,0.0012352039,-0.97673213,-0.63691103,-0.2039208,0.0012630319,$\beta_2$-dominated,0.0004671887250023158,0.0004671887250027487,-0.7028664717779506,-0.13946610032501425,-0.4451295112558109,0.1527712697110063,0.0004671887250023158
dataframe000014,80.0,2.4,6.0715675,-0.40107602,0.32355526,-0.0011028368,-0.71573234,0.2460345,-0.7246313,0.0015384803,$\beta_2$-dominated,-0.0005347524428835929,-0.0005347524428834856,0.4369121556639154,0.6981337467222436,-0.8347980051739294,0.44061982207983524,-0.0005347524428835929
dataframe000014,80.0,2.4,6.0715675,-0.40107602,-0.47319648,-0.0011028368,-0.71573234,-1.347469,0.07212046,0.0015384803,$\beta_2$-dominated,-0.00044495485071785717,-0.0004449548507177222,-0.8790741503526895,-1.154009601675971,-0.4964099412783408,0.5169716517335387,-0.00044495485071785717
dataframe000014,80.0,2.4,6.0715675,-0.40107602,0.57352453,-0.0011028368,-0.71573234,0.74597305,-0.97460055,0.0015384803,$\beta_2$-dominated,-0.0005628820775850388,-0.0005628820775849315,0.8497836897259854,1.2792167535550094,-0.9409623578901102,0.4166655223492994,-0.0005628820775850388
dataframe000014,80.0,2.4,6.0715675,-0.40107602,-0.47319648,-0.0011028368,-0.71573234,-1.347469,0.07212046,0.0015384803,$\beta_2$-dominated,-0.00044495485071785717,-0.0004449548507177222,-0.8790741503526895,-1.154009601675971,-0.4964099412783408,0.5169716517335387,-0.00044495485071785717
dataframe000014,80.0,2.4,6.0715675,-0.40107602,-0.5219835,-0.0011028368,-0.71573234,-1.4450431,0.120907485,0.0015384803,$\beta_2$-dominated,-0.0004394911036954577,-0.00043949110369523943,-0.9596551807088965,-1.2674208355807273,-0.47568959848310377,0.5216468797641379,-0.0004394911036954577
dataframe000013,80.0,2.0,8.774649,-0.21147713,-0.049239445,0.0012170734,-1.7706985,-0.309956,-0.16223769,0.0006868687,$\beta_2$-dominated,0.00042692115489612677,0.00042692115489665684,-1.6673046633571442,0.8823415786788654,0.21807779686625936,-0.8785068890934604,0.00042692115489612677
dataframe000013,80.0,2.0,8.774649,-0.21147713,-0.6986661,0.0012170734,-1.7706985,-1.6088094,0.48718897,0.0006868687,$\beta_2$-dominated,0.0005000714341895703,0.0005000714341901004,-2.7399556957546025,-0.6273272376558914,0.49389551607680593,-0.8162730330559292,0.0005000714341895703
dataframe000013,80.0,2.0,8.774649,-0.21147713,0.7177809,0.0012170734,-1.7706985,1.2240846,-0.929258,0.0006868687,$\beta_2$-dominated,0.00034052236675925014,0.0003405223667596692,-0.4004254701586037,2.665370684583601,-0.1076830676142598,-0.9520096155816062,0.00034052236675925014
dataframe000013,80.0,2.0,8.774649,-0.21147713,0.7177809,0.0012170734,-1.7706985,1.2240846,-0.929258,0.0006868687,$\beta_2$-dominated,0.00034052236675925014,0.0003405223667596692,-0.4004254701586037,2.665370684583601,-0.1076830676142598,-0.9520096155816062,0.00034052236675925014
dataframe000013,80.0,2.0,8.774649,-0.21147713,-0.6986661,0.0012170734,-1.7706985,-1.6088094,0.48718897,0.0006868687,$\beta_2$-dominated,0.0005000714341895703,0.0005000714341901004,-2.7399556957546025,-0.6273272376558914,0.49389551607680593,-0.8162730330559292,0.0005000714341895703
dataframe000014,100.0,3.0,6.8114195,-0.15266007,-0.011322534,0.0007465863,-1.3975301,-0.17530514,-0.14133754,0.00053393317,$\beta_2$-dominated,0.00027513051967522034,0.00027513051967545014,-1.015499890498684,0.3628751769711343,-0.7470866671397766,-0.399748648317934,0.00027513051967522034
dataframe000014,100.0,3.0,6.8114195,-0.15266007,-0.011322534,0.0007465863,-1.3975301,-0.17530514,-0.14133754,0.00053393317,$\beta_2$-dominated,0.00027513051967522034,0.00027513051967545014,-1.015499890498684,0.3628751769711343,-0.7470866671397766,-0.399748648317934,0.00027513051967522034
dataframe000014,100.0,3.0,6.8114195,-0.15266007,-0.011322534,0.0007465863,-1.3975301,-0.17530514,-0.14133754,0.00053393317,$\beta_2$-dominated,0.00027513051967522034,0.00027513051967545014,-1.015499890498684,0.3628751769711343,-0.7470866671397766,-0.399748648317934,0.00027513051967522034
dataframe000014,100.0,3.0,6.8114195,-0.15266007,-0.011322534,0.0007465863,-1.3975301,-0.17530514,-0.14133754,0.00053393317,$\beta_2$-dominated,0.00027513051967522034,0.00027513051967545014,-1.015499890498684,0.3628751769711343,-0.7470866671397766,-0.399748648317934,0.00027513051967522034
dataframe000013,70.0,2.8,7.343738,-0.5070451,0.13983855,9.347329e-05,-0.8218309,-0.227368,-0.6468836,0.00011372493,$\beta_2$-dominated,-5.614006926508877e-05,-5.6140069264907166e-05,-0.07973191412194618,0.6119538428142288,-0.03886559985370262,0.320606486130865,-5.614006926508877e-05
dataframe000013,70.0,2.8,7.343738,-0.5070451,0.13983855,9.347329e-05,-0.8218309,-0.227368,-0.6468836,0.00011372493,$\beta_2$-dominated,-5.614006926508877e-05,-5.6140069264907166e-05,-0.07973191412194618,0.6119538428142288,-0.03886559985370262,0.320606486130865,-5.614006926508877e-05
dataframe000013,70.0,2.8,7.343738,-0.5070451,0.13983855,9.347329e-05,-0.8218309,-0.227368,-0.6468836,0.00011372493,$\beta_2$-dominated,-5.614006926508877e-05,-5.6140069264907166e-05,-0.07973191412194618,0.6119538428142288,-0.03886559985370262,0.320606486130865,-5.614006926508877e-05
dataframe000013,70.0,2.8,7.343738,-0.5070451,0.36599427,9.347329e-05,-0.8218309,0.22494346,-0.87303936,0.00011372493,$\beta_2$-dominated,-8.165233197997865e-05,-8.165233197987337e-05,0.2938070981217696,1.1376795179583183,-0.13491608557288426,0.29893424782095174,-8.165233197997865e-05
dataframe000013,70.0,2.8,7.343738,-0.5070451,0.9040011,9.347329e-05,-0.8218309,1.3009572,-1.4110463,0.00011372493,$\beta_2$-dominated,-0.0001422988283517185,-0.00014229882835181445,1.182427291585712,2.3883399310398694,-0.36341273230914295,0.24737765556987712,-0.0001422988283517185
dataframe000015,100.0,2.0,8.955574,-0.7191915,-1.0282377,-1.6010082,0.00025456183,-2.775667,0.3090462,0.99984103,$\alpha_2$-dominated,6.455054242579417e-05,6.455054242637866e-05,0.22435916133052797,-3.2886548020454818,2.2897626438714593,-1.0514689250355254,6.455054242579417e-05
dataframe000015,100.0,2.0,8.955574,-0.7191915,0.9953822,-1.6010082,0.00025456183,1.2715728,-1.7145736,0.99984103,$\alpha_2$-dominated,-0.00016337196236207552,-0.00016337196236171304,3.566750320252821,1.4154880702223345,1.4303119110578286,-1.2453902406136788,-0.00016337196236207552
dataframe000015,100.0,2.0,8.955574,-0.7191915,0.42329088,-1.6010082,0.00025456183,0.12739027,-1.1424824,0.99984103,$\alpha_2$-dominated,-9.898371521269267e-05,-9.898371521244124e-05,2.6218333575001567,0.08559452307004181,1.6732845720694038,-1.1905673236091308,-9.898371521269267e-05
dataframe000015,100.0,2.0,8.955574,-0.7191915,0.50022095,-1.6010082,0.00025456183,0.28125042,-1.2194124,0.99984103,$\alpha_2$-dominated,-0.00010761815250418083,-0.0001076181525039294,2.748897908889972,0.26442752031524835,1.6406116203730357,-1.197939466311916,-0.00010761815250418083
dataframe000015,100.0,2.0,8.955574,-0.7191915,0.9953822,-1.6010082,0.00025456183,1.2715728,-1.7145736,0.99984103,$\alpha_2$-dominated,-0.00016337196236207552,-0.00016337196236171304,3.566750320252821,1.4154880702223345,1.4303119110578286,-1.2453902406136788,-0.00016337196236207552
dataframe000015,60.0,3.0,7.770025,-0.6429014,0.018858504,0.0003481749,-0.6566996,-0.60518444,-0.6617599,0.00052990805,$\beta_2$-dominated,2.958965618596844e-05,2.9589656186226643e-05,-0.10029261878161673,0.3658303599390879,0.4057676859891856,0.5428537587681118,2.958965618596844e-05
dataframe000015,60.0,3.0,7.770025,-0.6429014,-0.34855402,0.0003481749,-0.6566996,-1.3400095,-0.2943474,0.00052990805,$\beta_2$-dominated,7.098362617217159e-05,7.098362617226326e-05,-0.7071439070188147,-0.4882633162520249,0.5618112891448593,0.5780624974068784,7.098362617217159e-05
dataframe000015,60.0,3.0,7.770025,-0.6429014,0.58484155,0.0003481749,-0.6566996,0.5267817,-1.2277429,0.00052990805,$\beta_2$-dominated,-3.411041717507089e-05,-3.4110417174979224e-05,0.8345354554191364,1.6815246195904596,0.16538924625058365,0.48861618622449704,-3.411041717507089e-05
dataframe000015,60.0,3.0,7.770025,-0.6429014,0.11384935,0.0003481749,-0.6566996,-0.41520274,-0.75675076,0.00052990805,$\beta_2$-dominated,1.8887656955351675e-05,1.888765695552661e-05,0.05660274597786367,0.5866477850021995,0.3654241644213059,0.5337508895833118,1.8887656955351675e-05
dataframe000015,60.0,3.0,7.770025,-0.6429014,0.11384935,0.0003481749,-0.6566996,-0.41520274,-0.75675076,0.00052990805,$\beta_2$-dominated,1.8887656955351675e-05,1.888765695552661e-05,0.05660274597786367,0.5866477850021995,0.3654241644213059,0.5337508895833118,1.8887656955351675e-05
dataframe000014,90.0,2.6,8.108952,-0.5559645,-0.07543879,0.00055322,-0.9153112,-0.7068421,-0.48052573,0.0006040414,$\beta_2$-dominated,0.00012205387000941228,0.00012205387000959137,-0.600322451458892,0.3280714414092441,0.46192414655975134,0.2201379181295485,0.00012205387000941228
dataframe000014,90.0,2.6,8.108952,-0.5559645,-0.43782628,0.00055322,-0.9153112,-1.431617,-0.11813825,0.0006040414,$\beta_2$-dominated,0.00016291447180289212,0.00016291447180323773,-1.198873931588457,-0.5143409238854353,0.6158335458619494,0.2548650931691341,0.00016291447180289212
dataframe000014,90.0,2.6,8.108952,-0.5559645,-0.2343559,0.00055322,-0.9153112,-1.0246763,-0.32160863,0.0006040414,$\beta_2$-dominated,0.00013995802270217264,0.00013995802270257377,-0.8628041155765155,-0.04135008538721207,0.5294177573094114,0.23536676989030095,0.00013995802270217264
dataframe000014,90.0,2.6,8.108952,-0.5559645,-0.07543879,0.00055322,-0.9153112,-0.7068421,-0.48052573,0.0006040414,$\beta_2$-dominated,0.00012205387000941228,0.00012205387000959137,-0.600322451458892,0.3280714414092441,0.46192414655975134,0.2201379181295485,0.00012205387000941228
dataframe000014,90.0,2.6,8.108952,-0.5559645,0.35245234,0.00055322,-0.9153112,0.14894015,-0.90841687,0.0006040414,$\beta_2$-dominated,7.384616764419618e-05,7.384616764434751e-05,0.10642073584784983,1.3227548155242916,0.2801946922589751,0.17913357876513106,7.384616764419618e-05
dataframe000016,70.0,2.8,6.4945483,-0.74644196,0.32839137,-0.00042122958,-0.13074657,-0.089659214,-1.0748334,0.0032113795,$\beta_2$-dominated,-0.000303696240770475,-0.000303696240770167,1.1481526788308078,0.5786709851119042,-0.12649226767814065,1.1889804616264898,-0.000303696240770475
dataframe000016,70.0,2.8,6.4945483,-0.74644196,-0.31943855,-0.00042122958,-0.13074657,-1.385319,-0.4270034,0.0032113795,$\beta_2$-dominated,-0.0002306111566491812,-0.00023061115664897036,0.07813893127339361,-0.9272860394478238,0.14864723790699289,1.2510612381849766,-0.0002306111566491812
dataframe000016,70.0,2.8,6.4945483,-0.74644196,0.12859754,-0.00042122958,-0.13074657,-0.48924688,-0.8750395,0.0032113795,$\beta_2$-dominated,-0.0002811376148463233,-0.00028113761484609856,0.8181553154932389,0.11422663238773749,-0.041637938434138426,1.2081264592840193,-0.0002811376148463233
dataframe000016,70.0,2.8,6.4945483,-0.74644196,0.327887,-0.00042122958,-0.13074657,-0.09066796,-1.0743289,0.0032113795,$\beta_2$-dominated,-0.00030350832652009256,-0.0003035083265198678,1.147319497735319,0.5774983833086477,-0.1262781081273026,1.1890287245065843,-0.00030350832652009256
dataframe000016,70.0,2.8,6.4945483,-0.74644196,0.327887,-0.00042122958,-0.13074657,-0.09066796,-1.0743289,0.0032113795,$\beta_2$-dominated,-0.00030350832652009256,-0.0003035083265198678,1.147319497735319,0.5774983833086477,-0.1262781081273026,1.1890287245065843,-0.00030350832652009256
dataframe000016,60.0,3.2,4.584426,-0.27165946,0.45583045,4.0603492e-05,-0.6027781,0.6400014,-0.72748995,6.7356064e-05,$\beta_2$-dominated,-2.8659081186605278e-05,-2.865908118646052e-05,0.8883498204878629,0.6132026377563077,-1.7394893568694636,0.5780592265663219,-2.8659081186605278e-05
dataframe000016,60.0,3.2,4.584426,-0.27165946,0.13995056,4.0603492e-05,-0.6027781,0.008241653,-0.41161,6.7356064e-05,$\beta_2$-dominated,6.9945888761466085e-06,6.994588876457899e-06,0.3666143612068494,-0.12109743733468102,-1.6053321790766493,0.6083296146304679,6.9945888761466085e-06
dataframe000016,60.0,3.2,4.584426,-0.27165946,0.13995056,4.0603492e-05,-0.6027781,0.008241653,-0.41161,6.7356064e-05,$\beta_2$-dominated,6.9945888761466085e-06,6.994588876457899e-06,0.3666143612068494,-0.12109743733468102,-1.6053321790766493,0.6083296146304679,6.9945888761466085e-06
dataframe000016,60.0,3.2,4.584426,-0.27165946,0.13995056,4.0603492e-05,-0.6027781,0.008241653,-0.41161,6.7356064e-05,$\beta_2$-dominated,6.9945888761466085e-06,6.994588876457899e-06,0.3666143612068494,-0.12109743733468102,-1.6053321790766493,0.6083296146304679,6.9945888761466085e-06
dataframe000016,60.0,3.2,4.584426,-0.27165946,0.45583045,4.0603492e-05,-0.6027781,0.6400014,-0.72748995,6.7356064e-05,$\beta_2$-dominated,-2.8659081186605278e-05,-2.865908118646052e-05,0.8883498204878629,0.6132026377563077,-1.7394893568694636,0.5780592265663219,-2.8659081186605278e-05
dataframe000015,80.0,3.2,4.4545927,-0.109405994,0.13906485,-1.7896384,0.0003772046,0.1687237,-0.24847084,0.9997893,$\alpha_2$-dominated,0.00019876562878384015,0.00019876562878384896,2.588153598252159,-1.776642055106808,-1.0099327656021102,-1.4496218831920455,0.00019876562878384015
dataframe000015,80.0,3.2,4.4545927,-0.109405994,0.39530614,-1.7896384,0.0003772046,0.6812063,-0.5047121,0.9997893,$\alpha_2$-dominated,0.00016992936674197542,0.00016992936674220627,3.0113845569344138,-1.1809790033296204,-1.118760904283134,-1.4741772235415438,0.00016992936674197542
dataframe000015,80.0,3.2,4.4545927,-0.109405994,0.39530614,-1.7896384,0.0003772046,0.6812063,-0.5047121,0.9997893,$\alpha_2$-dominated,0.00016992936674197542,0.00016992936674220627,3.0113845569344138,-1.1809790033296204,-1.118760904283134,-1.4741772235415438,0.00016992936674197542
dataframe000015,80.0,3.2,4.4545927,-0.109405994,0.39530614,-1.7896384,0.0003772046,0.6812063,-0.5047121,0.9997893,$\alpha_2$-dominated,0.00016992936674197542,0.00016992936674220627,3.0113845569344138,-1.1809790033296204,-1.118760904283134,-1.4741772235415438,0.00016992936674197542
dataframe000015,80.0,3.2,4.4545927,-0.109405994,0.13906485,-1.7896384,0.0003772046,0.1687237,-0.24847084,0.9997893,$\alpha_2$-dominated,0.00019876562878384015,0.00019876562878384896,2.588153598252159,-1.776642055106808,-1.0099327656021102,-1.4496218831920455,0.00019876562878384015
dataframe000013,60.0,2.8,7.6469865,-0.6635599,-0.4183293,-1.1692395,-0.00015500639,-1.5002185,-0.24523062,0.9998675,$\alpha_2$-dominated,-0.00027452432815566454,-0.0002745243281556453,0.9605086719817503,-1.8432039915635583,1.1561216677972581,-0.42390288868955733,-0.00027452432815566454
dataframe000013,60.0,2.8,7.6469865,-0.6635599,0.62838,-1.1692395,-0.00015500639,0.5932001,-1.29194,0.9998675,$\alpha_2$-dominated,-0.00039251578030574365,-0.00039251578030594645,2.6893472225345585,0.5899951989281844,0.7115742520771926,-0.5242078603072671,-0.00039251578030574365
dataframe000013,60.0,2.8,7.6469865,-0.6635599,-0.4183293,-1.1692395,-0.00015500639,-1.5002185,-0.24523062,0.9998675,$\alpha_2$-dominated,-0.00027452432815566454,-0.0002745243281556453,0.9605086719817503,-1.8432039915635583,1.1561216677972581,-0.42390288868955733,-0.00027452432815566454
dataframe000013,60.0,2.8,7.6469865,-0.6635599,-1.0099294,-1.1692395,-0.00015500639,-2.6834188,0.3463695,0.9998675,$\alpha_2$-dominated,-0.00020787260261090047,-0.00020787260261071464,-0.016630885389068668,-3.2184481953467996,1.4073798924621523,-0.36721049640839926,-0.00020787260261090047
dataframe000013,60.0,2.8,7.6469865,-0.6635599,-0.37259492,-1.1692395,-0.00015500639,-1.4087498,-0.290965,0.9998675,$\alpha_2$-dominated,-0.0002797096909256084,-0.00027970969092547813,1.036047627173333,-1.7368890833837372,1.1366978673045158,-0.4282855433296982,-0.0002797096909256084
dataframe000015,90.0,3.0,7.126086,-0.26335168,0.0076980265,2.8016462e-05,-1.2548083,-0.24795562,-0.2710497,2.2326787e-05,$\beta_2$-dominated,-3.8615470531687705e-05,-3.8615470531266194e-05,-0.8248890959077543,0.4241903044128338,-0.4487363920006852,-0.2206328701522667,-3.8615470531687705e-05
dataframe000015,90.0,3.0,7.126086,-0.26335168,0.0076980265,2.8016462e-05,-1.2548083,-0.24795562,-0.2710497,2.2326787e-05,$\beta_2$-dominated,-3.8615470531687705e-05,-3.8615470531266194e-05,-0.8248890959077543,0.4241903044128338,-0.4487363920006852,-0.2206328701522667,-3.8615470531687705e-05
dataframe000015,90.0,3.0,7.126086,-0.26335168,0.0076980265,2.8016462e-05,-1.2548083,-0.24795562,-0.2710497,2.2326787e-05,$\beta_2$-dominated,-3.8615470531687705e-05,-3.8615470531266194e-05,-0.8248890959077543,0.4241903044128338,-0.4487363920006852,-0.2206328701522667,-3.8615470531687705e-05
dataframe000015,90.0,3.0,7.126086,-0.26335168,0.0076980265,2.8016462e-05,-1.2548083,-0.24795562,-0.2710497,2.2326787e-05,$\beta_2$-dominated,-3.8615470531687705e-05,-3.8615470531266194e-05,-0.8248890959077543,0.4241903044128338,-0.4487363920006852,-0.2206328701522667,-3.8615470531687705e-05
dataframe000015,90.0,3.0,7.126086,-0.26335168,0.3449854,2.8016462e-05,-1.2548083,0.4266191,-0.60833704,2.2326787e-05,$\beta_2$-dominated,-7.658266500465308e-05,-7.658266500428708e-05,-0.2677952071767213,1.2082545085764462,-0.5919855730996376,-0.25295476716706883,-7.658266500465308e-05
dataframe000015,70.0,2.8,5.5069175,-0.40578762,-0.18192527,-8.654941e-06,-0.565144,-0.7696382,-0.22386235,1.5314341e-05,$\beta_2$-dominated,-1.2344197581401619e-05,-1.234419758115447e-05,-0.17569961649574686,-0.6678765995057097,-0.8605969577884224,0.6848471246654421,-1.2344197581401619e-05
dataframe000015,70.0,2.8,5.5069175,-0.40578762,0.6500088,-8.654941e-06,-0.565144,0.89423,-1.0557964,1.5314341e-05,$\beta_2$-dominated,-0.00010600723908972,-0.00010600723908952837,1.1983969266573389,1.2660521910010953,-1.2139273446953496,0.6051237551640253,-0.00010600723908972
dataframe000015,70.0,2.8,5.5069175,-0.40578762,-0.18192527,-8.654941e-06,-0.565144,-0.7696382,-0.22386235,1.5314341e-05,$\beta_2$-dominated,-1.2344197581401619e-05,-1.234419758115447e-05,-0.17569961649574686,-0.6678765995057097,-0.8605969577884224,0.6848471246654421,-1.2344197581401619e-05
dataframe000015,70.0,2.8,5.5069175,-0.40578762,0.1710493,-8.654941e-06,-0.565144,-0.06368902,-0.57683694,1.5314341e-05,$\beta_2$-dominated,-5.2127926540809914e-05,-5.212792654050725e-05,0.4073047138812586,0.15265442505507354,-1.0105086279671904,0.6510219657948374,-5.2127926540809914e-05
dataframe000015,70.0,2.8,5.5069175,-0.40578762,-0.18192527,-8.654941e-06,-0.565144,-0.7696382,-0.22386235,1.5314341e-05,$\beta_2$-dominated,-1.2344197581401619e-05,-1.234419758115447e-05,-0.17569961649574686,-0.6678765995057097,-0.8605969577884224,0.6848471246654421,-1.2344197581401619e-05
dataframe000013,90.0,2.8,8.100709,-0.14360186,-0.08700643,0.001423586,-1.7379694,-0.31761473,-0.056595437,0.0008184384,$\beta_2$-dominated,0.0005347348319776471,0.0005347348319777942,-1.6468573714436006,0.6237709442381748,-0.1643399279674522,-0.8309113368979674,0.0005347348319776471
dataframe000013,90.0,2.8,8.100709,-0.14360186,-0.08700643,0.001423586,-1.7379694,-0.31761473,-0.056595437,0.0008184384,$\beta_2$-dominated,0.0005347348319776471,0.0005347348319777942,-1.6468573714436006,0.6237709442381748,-0.1643399279674522,-0.8309113368979674,0.0005347348319776471
dataframe000013,90.0,2.8,8.100709,-0.14360186,-0.08700643,0.001423586,-1.7379694,-0.31761473,-0.056595437,0.0008184384,$\beta_2$-dominated,0.0005347348319776471,0.0005347348319777942,-1.6468573714436006,0.6237709442381748,-0.1643399279674522,-0.8309113368979674,0.0005347348319776471
dataframe000013,90.0,2.8,8.100709,-0.14360186,-0.08700643,0.001423586,-1.7379694,-0.31761473,-0.056595437,0.0008184384,$\beta_2$-dominated,0.0005347348319776471,0.0005347348319777942,-1.6468573714436006,0.6237709442381748,-0.1643399279674522,-0.8309113368979674,0.0005347348319776471
dataframe000013,90.0,2.8,8.100709,-0.14360186,-0.08700643,0.001423586,-1.7379694,-0.31761473,-0.056595437,0.0008184384,$\beta_2$-dominated,0.0005347348319776471,0.0005347348319777942,-1.6468573714436006,0.6237709442381748,-0.1643399279674522,-0.8309113368979674,0.0005347348319776471
dataframe000014,100.0,3.2,9.0613365,-0.24996507,-0.0017935717,-0.00013783202,-1.7653824,-0.25355223,-0.2481715,7.8068784e-05,$\beta_2$-dominated,-0.00013787540631900313,-0.00013787540631860276,-1.5989388561788167,1.0568488684731705,0.3824890346614148,-0.8788382777028338,-0.00013787540631900313
dataframe000014,100.0,3.2,9.0613365,-0.24996507,-0.8050188,-0.00013783202,-1.7653824,-1.8600026,0.5550537,7.8068784e-05,$\beta_2$-dominated,-4.73812633076816e-05,-4.738126330728124e-05,-2.925617289842019,-0.8103427853871374,0.7236264550318801,-0.8018660851180198,-4.73812633076816e-05
dataframe000014,100.0,3.2,9.0613365,-0.24996507,-0.8050188,-0.00013783202,-1.7653824,-1.8600026,0.5550537,7.8068784e-05,$\beta_2$-dominated,-4.73812633076816e-05,-4.738126330728124e-05,-2.925617289842019,-0.8103427853871374,0.7236264550318801,-0.8018660851180198,-4.73812633076816e-05
dataframe000014,100.0,3.2,9.0613365,-0.24996507,-0.8050188,-0.00013783202,-1.7653824,-1.8600026,0.5550537,7.8068784e-05,$\beta_2$-dominated,-4.73812633076816e-05,-4.738126330728124e-05,-2.925617289842019,-0.8103427853871374,0.7236264550318801,-0.8018660851180198,-4.73812633076816e-05
dataframe000014,100.0,3.2,9.0613365,-0.24996507,-0.8050188,-0.00013783202,-1.7653824,-1.8600026,0.5550537,7.8068784e-05,$\beta_2$-dominated,-4.73812633076816e-05,-4.738126330728124e-05,-2.925617289842019,-0.8103427853871374,0.7236264550318801,-0.8018660851180198,-4.73812633076816e-05
dataframe000016,70.0,3.2,5.757885,-0.20430045,-0.021225458,0.00025342262,-1.0308605,-0.24675137,-0.183075,0.00024577556,$\beta_2$-dominated,9.46999263849958e-05,9.469992638516615e-05,-0.5076824130131352,-0.05190134440844455,-1.1255274374455282,0.07282120282495003,9.46999263849958e-05
dataframe000016,70.0,3.2,5.757885,-0.20430045,-0.031431906,0.00025342262,-1.0308605,-0.26716426,-0.17286855,0.00024577556,$\beta_2$-dominated,9.584982006815689e-05,9.584982006843827e-05,-0.5245402902158101,-0.07562743116461722,-1.1211926622687256,0.0737992753839744,9.584982006815689e-05
dataframe000016,70.0,3.2,5.757885,-0.20430045,-0.021225458,0.00025342262,-1.0308605,-0.24675137,-0.183075,0.00024577556,$\beta_2$-dominated,9.46999263849958e-05,9.469992638516615e-05,-0.5076824130131352,-0.05190134440844455,-1.1255274374455282,0.07282120282495003,9.46999263849958e-05
dataframe000016,70.0,3.2,5.757885,-0.20430045,-0.021225458,0.00025342262,-1.0308605,-0.24675137,-0.183075,0.00024577556,$\beta_2$-dominated,9.46999263849958e-05,9.469992638516615e-05,-0.5076824130131352,-0.05190134440844455,-1.1255274374455282,0.07282120282495003,9.46999263849958e-05
dataframe000016,70.0,3.2,5.757885,-0.20430045,-0.008892894,0.00025342262,-1.0308605,-0.22208624,-0.19540755,0.00024577556,$\beta_2$-dominated,9.33186897342465e-05,9.331868973444461e-05,-0.4873128531626011,-0.02323284879967317,-1.1307651994379468,0.07163938208584125,9.33186897342465e-05
dataframe000016,70.0,2.4,7.0587277,-0.7191042,0.2687969,-0.6529467,0.0005720008,-0.18151039,-0.9879011,0.9991247,$\alpha_2$-dominated,0.000286292593870784,0.00028629259387097784,1.7111862399714648,0.01541862083780338,0.43217625810785404,0.3289580131878926,0.000286292593870784
dataframe000016,70.0,2.4,7.0587277,-0.7191042,0.40873775,-0.6529467,0.0005720008,0.09837133,-1.127842,0.9991247,$\alpha_2$-dominated,0.0002705263704776185,0.0002705263704778679,1.9423250502854885,0.34072763811780304,0.3727420384075272,0.3155476338752578,0.0002705263704776185
dataframe000016,70.0,2.4,7.0587277,-0.7191042,0.5309052,-0.6529467,0.0005720008,0.3427062,-1.2500093,0.9991247,$\alpha_2$-dominated,0.000256860879556874,0.00025686087955717886,2.144107611154452,0.6247201538902678,0.3208563200314214,0.3038404088374949,0.000256860879556874
dataframe000016,70.0,2.4,7.0587277,-0.7191042,0.4283065,-0.6529467,0.0005720008,0.13750881,-1.1474106,0.9991247,$\alpha_2$-dominated,0.0002683872329050975,0.00026838723290534684,1.9746464743461274,0.3862174217364789,0.3644309803975017,0.31367234741467404,0.0002683872329050975
dataframe000016,70.0,2.4,7.0587277,-0.7191042,-0.6280157,-0.6529467,0.0005720008,-1.9751356,-0.091088474,0.9991247,$\alpha_2$-dominated,0.0003873633891871887,0.00038736338918749354,0.22993050324362488,-2.069327967224291,0.8130611213998505,0.4148985646646849,0.0003873633891871887
dataframe000013,60.0,3.2,4.438963,-0.42882156,-0.3341849,-6.477497e-05,-0.25209072,-1.0971913,-0.09463665,0.00025688505,$\beta_2$-dominated,1.949277174453298e-07,1.9492771766708343e-07,0.030532649624067938,-1.3955502389221024,-1.2285596789827873,1.1030383357919893,1.949277174453298e-07
dataframe000013,60.0,3.2,4.438963,-0.42882156,-0.40597323,-6.477497e-05,-0.25209072,-1.240768,-0.022848338,0.00025688505,$\beta_2$-dominated,8.282848324803409e-06,8.282848324997407e-06,-0.08803933178705192,-1.5624306286644802,-1.198070497248585,1.1099177310974055,8.282848324803409e-06
dataframe000013,60.0,3.2,4.438963,-0.42882156,-0.40597323,-6.477497e-05,-0.25209072,-1.240768,-0.022848338,0.00025688505,$\beta_2$-dominated,8.282848324803409e-06,8.282848324997407e-06,-0.08803933178705192,-1.5624306286644802,-1.198070497248585,1.1099177310974055,8.282848324803409e-06
dataframe000013,60.0,3.2,4.438963,-0.42882156,-0.40597323,-6.477497e-05,-0.25209072,-1.240768,-0.022848338,0.00025688505,$\beta_2$-dominated,8.282848324803409e-06,8.282848324997407e-06,-0.08803933178705192,-1.5624306286644802,-1.198070497248585,1.1099177310974055,8.282848324803409e-06
dataframe000013,60.0,3.2,4.438963,-0.42882156,-0.40597323,-6.477497e-05,-0.25209072,-1.240768,-0.022848338,0.00025688505,$\beta_2$-dominated,8.282848324803409e-06,8.282848324997407e-06,-0.08803933178705192,-1.5624306286644802,-1.198070497248585,1.1099177310974055,8.282848324803409e-06
dataframe000014,60.0,2.8,3.8789282,-0.08759454,0.617313,-1.5890942,0.0005507482,1.1470315,-0.70490754,0.9996535,$\alpha_2$-dominated,0.00030053313898936675,0.0003005331389896703,3.250438202467202,-0.6447319400568562,-1.598969093208812,-1.1765986360702558,0.00030053313898936675
dataframe000014,60.0,2.8,3.8789282,-0.08759454,0.617313,-1.5890942,0.0005507482,1.1470315,-0.70490754,0.9996535,$\alpha_2$-dominated,0.00030053313898936675,0.0003005331389896703,3.250438202467202,-0.6447319400568562,-1.598969093208812,-1.1765986360702558,0.00030053313898936675
dataframe000014,60.0,2.8,3.8789282,-0.08759454,0.617313,-1.5890942,0.0005507482,1.1470315,-0.70490754,0.9996535,$\alpha_2$-dominated,0.00030053313898936675,0.0003005331389896703,3.250438202467202,-0.6447319400568562,-1.598969093208812,-1.1765986360702558,0.00030053313898936675
dataframe000014,60.0,2.8,3.8789282,-0.08759454,-0.2864686,-1.5890942,0.0005507482,-0.66053176,0.19887406,0.9996535,$\alpha_2$-dominated,0.00040229077608000487,0.0004022907760803085,1.7576718202422017,-2.7456788469795614,-1.2151243617934038,-1.08999019368661,0.00040229077608000487
dataframe000014,60.0,2.8,3.8789282,-0.08759454,0.578632,-1.5890942,0.0005507482,1.0696695,-0.6662265,0.9996535,$\alpha_2$-dominated,0.00030489107829023644,0.00030489107829054,3.186549160666948,-0.7346505537884268,-1.5825408899934335,-1.1728918752571402,0.00030489107829023644
dataframe000015,60.0,2.8,7.26934,-0.72531635,-0.51307154,-0.7333659,0.0001959551,-1.7514594,-0.21224481,0.99973285,$\alpha_2$-dominated,6.886921964677727e-05,6.886921964704424e-05,0.47193164826764405,-1.8147781887330283,0.9061889351686856,0.2758220088044335,6.886921964677727e-05
dataframe000015,60.0,2.8,7.26934,-0.72531635,-0.07191247,-0.7333659,0.0001959551,-0.8691413,-0.6534039,0.99973285,$\alpha_2$-dominated,1.913393663122664e-05,1.913393663149363e-05,1.2005893185998073,-0.7892519758791706,0.7188244883027831,0.23354623835947994,1.913393663122664e-05
dataframe000015,60.0,2.8,7.26934,-0.72531635,-0.07191247,-0.7333659,0.0001959551,-0.8691413,-0.6534039,0.99973285,$\alpha_2$-dominated,1.913393663122664e-05,1.913393663149363e-05,1.2005893185998073,-0.7892519758791706,0.7188244883027831,0.23354623835947994,1.913393663122664e-05
dataframe000015,60.0,2.8,7.26934,-0.72531635,-0.07191247,-0.7333659,0.0001959551,-0.8691413,-0.6534039,0.99973285,$\alpha_2$-dominated,1.913393663122664e-05,1.913393663149363e-05,1.2005893185998073,-0.7892519758791706,0.7188244883027831,0.23354623835947994,1.913393663122664e-05
dataframe000015,60.0,2.8,7.26934,-0.72531635,-0.07191247,-0.7333659,0.0001959551,-0.8691413,-0.6534039,0.99973285,$\alpha_2$-dominated,1.913393663122664e-05,1.913393663149363e-05,1.2005893185998073,-0.7892519758791706,0.7188244883027831,0.23354623835947994,1.913393663122664e-05
dataframe000015,100.0,2.2,8.207478,-0.1830872,0.34084204,-0.001978197,-1.6856796,0.49859688,-0.52392924,0.0011721553,$\beta_2$-dominated,-0.0009138934540390716,-0.0009138934540388617,-0.8783162010843732,1.6205017244952191,-0.23806375964081236,-0.8098292731790939,-0.0009138934540390716
dataframe000015,100.0,2.2,8.207478,-0.1830872,-0.7400308,-0.001978197,-1.6856796,-1.6631489,0.55694366,0.0011721553,$\beta_2$-dominated,-0.0007921021729341722,-0.0007921021729337403,-2.663582326629301,-0.8921146861935375,0.22099327463427795,-0.7062504165872505,-0.0007921021729341722
dataframe000015,100.0,2.2,8.207478,-0.1830872,0.27185652,-0.001978197,-1.6856796,0.36062583,-0.45494372,0.0011721553,$\beta_2$-dominated,-0.0009061213054049496,-0.0009061213054046286,-0.9922588456911086,1.460136748605004,-0.20876494926970918,-0.8032184660974744,-0.0009061213054049496
dataframe000015,100.0,2.2,8.207478,-0.1830872,-0.11108973,-0.001978197,-1.6856796,-0.40526664,-0.07199747,0.0011721553,$\beta_2$-dominated,-0.00086296905826404,-0.000862969058263719,-1.6247670363362825,0.569933077617486,-0.046124025689163316,-0.7665211514934867,-0.00086296905826404
dataframe000015,100.0,2.2,8.207478,-0.1830872,0.812976,-0.001978197,-1.6856796,1.4428648,-0.99606323,0.0011721553,$\beta_2$-dominated,-0.0009671348642343199,-0.0009671348642338879,-0.09849759161311837,2.7180327809737665,-0.438583540014647,-0.855073326482663,-0.0009671348642343199
dataframe000013,100.0,2.4,7.162899,-0.42374447,0.44892693,-1.8864564,0.00043706124,0.47410938,-0.87267137,0.9997684,$\alpha_2$-dominated,0.00010243422502470342,0.00010243422502497694,3.009671005709278,-0.49625497235675176,0.5712926102452115,-1.6395750480073663,0.00010243422502470342
dataframe000013,100.0,2.4,7.162899,-0.42374447,0.44892693,-1.8864564,0.00043706124,0.47410938,-0.87267137,0.9997684,$\alpha_2$-dominated,0.00010243422502470342,0.00010243422502497694,3.009671005709278,-0.49625497235675176,0.5712926102452115,-1.6395750480073663,0.00010243422502470342
dataframe000013,100.0,2.4,7.162899,-0.42374447,0.90020305,-1.8864564,0.00043706124,1.3766617,-1.3239475,0.9997684,$\alpha_2$-dominated,5.154272830226511e-05,5.154272830231658e-05,3.7550389930598875,0.5527896442568259,0.3796313415213657,-1.6828203201042378,5.154272830226511e-05
dataframe000013,100.0,2.4,7.162899,-0.42374447,0.44892693,-1.8864564,0.00043706124,0.47410938,-0.87267137,0.9997684,$\alpha_2$-dominated,0.00010243422502470342,0.00010243422502497694,3.009671005709278,-0.49625497235675176,0.5712926102452115,-1.6395750480073663,0.00010243422502470342
dataframe000013,100.0,2.4,7.162899,-0.42374447,0.44892693,-1.8864564,0.00043706124,0.47410938,-0.87267137,0.9997684,$\alpha_2$-dominated,0.00010243422502470342,0.00010243422502497694,3.009671005709278,-0.49625497235675176,0.5712926102452115,-1.6395750480073663,0.00010243422502470342
dataframe000015,90.0,3.2,6.6420627,-0.65025747,0.23213793,-0.71996236,0.00042736813,-0.1859816,-0.8823954,0.99940675,$\alpha_2$-dominated,0.00019935854420740726,0.00019935854420769595,1.731300978603982,-0.2192996390690774,0.19415753414048992,0.2274604915349148,0.00019935854420740726
dataframe000015,90.0,3.2,6.6420627,-0.65025747,-0.36776584,-0.71996236,0.00042736813,-1.3857892,-0.28249162,0.99940675,$\alpha_2$-dominated,0.000266929402419481,0.00026692940241965864,0.7404463738542251,-1.6138466571262653,0.4489424080019123,0.2849486230457691,0.000266929402419481
dataframe000015,90.0,3.2,6.6420627,-0.65025747,-0.36776584,-0.71996236,0.00042736813,-1.3857892,-0.28249162,0.99940675,$\alpha_2$-dominated,0.000266929402419481,0.00026692940241965864,0.7404463738542251,-1.6138466571262653,0.4489424080019123,0.2849486230457691,0.000266929402419481
dataframe000015,90.0,3.2,6.6420627,-0.65025747,-0.36776584,-0.71996236,0.00042736813,-1.3857892,-0.28249162,0.99940675,$\alpha_2$-dominated,0.000266929402419481,0.00026692940241965864,0.7404463738542251,-1.6138466571262653,0.4489424080019123,0.2849486230457691,0.000266929402419481
dataframe000015,90.0,3.2,6.6420627,-0.65025747,-0.36776584,-0.71996236,0.00042736813,-1.3857892,-0.28249162,0.99940675,$\alpha_2$-dominated,0.000266929402419481,0.00026692940241965864,0.7404463738542251,-1.6138466571262653,0.4489424080019123,0.2849486230457691,0.000266929402419481
dataframe000015,80.0,2.6,8.987006,-0.92157906,0.2512617,0.0011317375,-0.40357688,-0.41905564,-1.1728408,0.0027964255,$\beta_2$-dominated,0.00027823293030210814,0.00027823293030218674,0.5227068157846528,1.0922995132559148,1.2636628851771463,0.8425060338647017,0.00027823293030210814
dataframe000015,80.0,2.6,8.987006,-0.92157906,0.27907443,0.0011317375,-0.40357688,-0.3634302,-1.2006536,0.0027964255,$\beta_2$-dominated,0.00027509945268167644,0.00027509945268169953,0.5686447852817476,1.1569534573193787,1.2518505574768874,0.8398407713976528,0.00027509945268167644
dataframe000015,80.0,2.6,8.987006,-0.92157906,0.9779711,0.0011317375,-0.40357688,1.034363,-1.8995502,0.0027964255,$\beta_2$-dominated,0.00019632655851698497,0.00019632655851706363,1.723004840260534,2.7816210442029847,0.955022498586391,0.7728662909236549,0.00019632655851698497
dataframe000015,80.0,2.6,8.987006,-0.92157906,0.06915793,0.0011317375,-0.40357688,-0.7832632,-0.99073696,0.0027964255,$\beta_2$-dominated,0.0002988476926065798,0.0002988476926065474,0.22192787221738025,0.6689777147044594,1.3410040622194679,0.8599567870706706,0.0002988476926065798
dataframe000015,80.0,2.6,8.987006,-0.92157906,0.05727414,0.0011317375,-0.40357688,-0.8070308,-0.9788532,0.0027964255,$\beta_2$-dominated,0.0003001210174481462,0.0003001210174481693,0.20229959093501798,0.6413524939334767,1.3460512501959547,0.861095633557825,0.0003001210174481462
dataframe000014,90.0,2.2,6.7555575,-0.090420924,-0.27110037,-0.00010097561,-1.5080268,-0.63262165,0.18067944,6.695428e-05,$\beta_2$-dominated,-2.356882846888324e-05,-2.356882846858306e-05,-1.5782260723721953,-0.2111732638120119,-0.7556009929234369,-0.5173377102182515,-2.356882846888324e-05
dataframe000014,90.0,2.2,6.7555575,-0.090420924,-0.0033775528,-0.00010097561,-1.5080268,-0.09717603,-0.087043375,6.695428e-05,$\beta_2$-dominated,-5.373960353328082e-05,-5.373960353309166e-05,-1.1360311823243339,0.4111799639353007,-0.8693054246001444,-0.5429932895732688,-5.373960353328082e-05
dataframe000014,90.0,2.2,6.7555575,-0.090420924,-0.27110037,-0.00010097561,-1.5080268,-0.63262165,0.18067944,6.695428e-05,$\beta_2$-dominated,-2.356882846888324e-05,-2.356882846858306e-05,-1.5782260723721953,-0.2111732638120119,-0.7556009929234369,-0.5173377102182515,-2.356882846888324e-05
dataframe000014,90.0,2.2,6.7555575,-0.090420924,-0.27110037,-0.00010097561,-1.5080268,-0.63262165,0.18067944,6.695428e-05,$\beta_2$-dominated,-2.356882846888324e-05,-2.356882846858306e-05,-1.5782260723721953,-0.2111732638120119,-0.7556009929234369,-0.5173377102182515,-2.356882846888324e-05
dataframe000014,90.0,2.2,6.7555575,-0.090420924,-0.27110037,-0.00010097561,-1.5080268,-0.63262165,0.18067944,6.695428e-05,$\beta_2$-dominated,-2.356882846888324e-05,-2.356882846858306e-05,-1.5782260723721953,-0.2111732638120119,-0.7556009929234369,-0.5173377102182515,-2.356882846888324e-05
dataframe000014,80.0,3.0,7.362349,-0.3148512,-0.78749865,8.320799e-05,-1.2108673,-1.8898485,0.47264746,6.871296e-05,$\beta_2$-dominated,6.89742137711823e-05,6.897421377144779e-05,-2.0982808722340085,-1.3862045121300663,0.0707797805559038,-0.08872335770078499,6.89742137711823e-05
dataframe000014,80.0,3.0,7.362349,-0.3148512,-0.047532905,8.320799e-05,-1.2108673,-0.409917,-0.26731828,6.871296e-05,$\beta_2$-dominated,-1.4392897784749718e-05,-1.4392897784539725e-05,-0.8760874208395147,0.33393305394561784,-0.24349073943073427,-0.1596334647241405,-1.4392897784749718e-05
dataframe000014,80.0,3.0,7.362349,-0.3148512,-0.047532905,8.320799e-05,-1.2108673,-0.409917,-0.26731828,6.871296e-05,$\beta_2$-dominated,-1.4392897784749718e-05,-1.4392897784539725e-05,-0.8760874208395147,0.33393305394561784,-0.24349073943073427,-0.1596334647241405,-1.4392897784749718e-05
dataframe000014,80.0,3.0,7.362349,-0.3148512,-0.047532905,8.320799e-05,-1.2108673,-0.409917,-0.26731828,6.871296e-05,$\beta_2$-dominated,-1.4392897784749718e-05,-1.4392897784539725e-05,-0.8760874208395147,0.33393305394561784,-0.24349073943073427,-0.1596334647241405,-1.4392897784749718e-05
dataframe000014,80.0,3.0,7.362349,-0.3148512,-0.047532905,8.320799e-05,-1.2108673,-0.409917,-0.26731828,6.871296e-05,$\beta_2$-dominated,-1.4392897784749718e-05,-1.4392897784539725e-05,-0.8760874208395147,0.33393305394561784,-0.24349073943073427,-0.1596334647241405,-1.4392897784749718e-05
dataframe000014,70.0,3.2,7.5370007,-0.50953424,-0.20030959,-0.0014940931,-0.86518425,-0.9101534,-0.30922467,0.0017239304,$\beta_2$-dominated,-0.0006903265578737479,-0.0006903265578733878,-0.7062398532790596,-0.11744073307116178,0.1945575664982365,0.29504822151053,-0.0006903265578737479
dataframe000014,70.0,3.2,7.5370007,-0.50953424,0.73185384,-0.0014940931,-0.86518425,0.95417345,-1.2413881,0.0017239304,$\beta_2$-dominated,-0.0007953473280661828,-0.0007953473280659754,0.8334044404241657,2.04948299325974,-0.20134114513738421,0.20572002103635242,-0.0007953473280661828
dataframe000014,70.0,3.2,7.5370007,-0.50953424,-0.05221991,-0.0014940931,-0.86518425,-0.61397403,-0.45731434,0.0017239304,$\beta_2$-dominated,-0.0007070108555589051,-0.0007070108555585866,-0.4616417258958779,0.22681117486004115,0.13166246540539098,0.28085694976818504,-0.0007070108555589051
dataframe000014,70.0,3.2,7.5370007,-0.50953424,0.6398319,-0.0014940931,-0.86518425,0.77012956,-1.1493661,0.0017239304,$\beta_2$-dominated,-0.0007849798162563688,-0.0007849798162559255,0.6814127880230291,1.8355671432551368,-0.16225854689630123,0.21453838307725862,-0.0007849798162563688
dataframe000014,70.0,3.2,7.5370007,-0.50953424,0.6398319,-0.0014940931,-0.86518425,0.77012956,-1.1493661,0.0017239304,$\beta_2$-dominated,-0.0007849798162563688,-0.0007849798162559255,0.6814127880230291,1.8355671432551368,-0.16225854689630123,0.21453838307725862,-0.0007849798162563688
dataframe000014,50.0,3.0,3.1775002,-0.17630388,0.24694693,-0.88353425,0.00024226667,0.31759,-0.4232508,0.9997258,$\alpha_2$-dominated,0.0001482297627348304,0.00014822976273498915,2.1059410292599394,-1.123781290643135,-1.9682545737699426,-0.02360503933045397,0.0001482297627348304
dataframe000015,70.0,3.2,8.166086,-0.56809276,0.15511295,0.004644927,-0.9053438,-0.25786686,-0.7232057,0.005104379,$\beta_2$-dominated,0.001776467275737063,0.0017764672757372133,-0.21457901185122524,0.8762523460938526,0.4060753614702799,0.2161690992284932,0.001776467275737063
dataframe000015,70.0,3.2,8.166086,-0.56809276,0.25995407,0.004644927,-0.9053438,-0.048184633,-0.8280468,0.005104379,$\beta_2$-dominated,0.0017646555115766887,0.0017646555115767835,-0.04141407262196242,1.1199678698152473,0.36154833881855286,0.20612229005975674,0.0017646555115766887
dataframe000015,70.0,3.2,8.166086,-0.56809276,0.15511295,0.004644927,-0.9053438,-0.25786686,-0.7232057,0.005104379,$\beta_2$-dominated,0.001776467275737063,0.0017764672757372133,-0.21457901185122524,0.8762523460938526,0.4060753614702799,0.2161690992284932,0.001776467275737063
dataframe000015,70.0,3.2,8.166086,-0.56809276,0.15511295,0.004644927,-0.9053438,-0.25786686,-0.7232057,0.005104379,$\beta_2$-dominated,0.001776467275737063,0.0017764672757372133,-0.21457901185122524,0.8762523460938526,0.4060753614702799,0.2161690992284932,0.001776467275737063
dataframe000015,70.0,3.2,8.166086,-0.56809276,0.15511295,0.004644927,-0.9053438,-0.25786686,-0.7232057,0.005104379,$\beta_2$-dominated,0.001776467275737063,0.0017764672757372133,-0.21457901185122524,0.8762523460938526,0.4060753614702799,0.2161690992284932,0.001776467275737063
dataframe000016,80.0,2.2,8.135701,-0.6886549,-0.74797726,0.0009249715,-0.65660936,-2.1846094,0.059322357,0.0014067274,$\beta_2$-dominated,0.0003424764483432517,0.00034247644834355204,-1.3901847332295383,-1.3306701707557091,0.9609915816999752,0.6162596136344906,0.0003424764483432517
dataframe000016,80.0,2.2,8.135701,-0.6886549,-0.06850807,0.0009249715,-0.65660936,-0.8256711,-0.6201468,0.0014067274,$\beta_2$-dominated,0.0002659250904616027,0.000265925090461792,-0.26791281385820953,0.2488359914315229,0.6724145325717781,0.5511468266030037,0.0002659250904616027
dataframe000016,80.0,2.2,8.135701,-0.6886549,-0.06850807,0.0009249715,-0.65660936,-0.8256711,-0.6201468,0.0014067274,$\beta_2$-dominated,0.0002659250904616027,0.000265925090461792,-0.26791281385820953,0.2488359914315229,0.6724145325717781,0.5511468266030037,0.0002659250904616027
dataframe000016,80.0,2.2,8.135701,-0.6886549,-0.18934862,0.0009249715,-0.65660936,-1.0673522,-0.49930626,0.0014067274,$\beta_2$-dominated,0.00027953940672813856,0.00027953940672846664,-0.46750385012623435,-0.03207210780995091,0.7237366687532931,0.5627268442561173,0.00027953940672813856
dataframe000016,80.0,2.2,8.135701,-0.6886549,-0.06850807,0.0009249715,-0.65660936,-0.8256711,-0.6201468,0.0014067274,$\beta_2$-dominated,0.0002659250904616027,0.000265925090461792,-0.26791281385820953,0.2488359914315229,0.6724145325717781,0.5511468266030037,0.0002659250904616027
dataframe000016,60.0,2.8,8.671841,-1.0734903,-0.18257144,-0.041928332,-4.278835e-05,-1.4386332,-0.89091885,0.9989805,$\alpha_2$-dominated,-0.00018909555774602896,-0.0001890955577455956,0.3650355960792158,-0.18221150407958955,1.5624034963244406,1.3337934338893829,-0.00018909555774602896
dataframe000016,60.0,2.8,8.671841,-1.0734903,0.1511823,-0.041928332,-4.278835e-05,-0.7711257,-1.2246726,0.9989805,$\alpha_2$-dominated,-0.00022663187194769832,-0.000226631871947376,0.916293044987933,0.5936383953723708,1.4206550563821794,1.3018101403712696,-0.00022663187194769832
dataframe000016,60.0,2.8,8.671841,-1.0734903,0.1511823,-0.041928332,-4.278835e-05,-0.7711257,-1.2246726,0.9989805,$\alpha_2$-dominated,-0.00022663187194769832,-0.000226631871947376,0.916293044987933,0.5936383953723708,1.4206550563821794,1.3018101403712696,-0.00022663187194769832
dataframe000016,60.0,2.8,8.671841,-1.0734903,0.1511823,-0.041928332,-4.278835e-05,-0.7711257,-1.2246726,0.9989805,$\alpha_2$-dominated,-0.00022663187194769832,-0.000226631871947376,0.916293044987933,0.5936383953723708,1.4206550563821794,1.3018101403712696,-0.00022663187194769832
dataframe000016,60.0,2.8,8.671841,-1.0734903,-0.18257144,-0.041928332,-4.278835e-05,-1.4386332,-0.89091885,0.9989805,$\alpha_2$-dominated,-0.00018909555774602896,-0.0001890955577455956,0.3650355960792158,-0.18221150407958955,1.5624034963244406,1.3337934338893829,-0.00018909555774602896
dataframe000014,90.0,2.0,7.6746993,-0.5238796,0.08433604,0.0014669267,-0.8709026,-0.3552075,-0.60821563,0.0016815427,$\beta_2$-dominated,0.0005069172644882786,0.0005069172644885209,-0.25469460092117063,0.5807878954175335,0.15478171741520994,0.26406459742098676,0.0005069172644882786
dataframe000014,90.0,2.0,7.6746993,-0.5238796,0.86761993,0.0014669267,-0.8709026,1.2113602,-1.3914995,0.0016815427,$\beta_2$-dominated,0.0004186370102752985,0.00041863701027537416,1.039046955640285,2.4016235738703022,-0.17788640994310956,0.18900337979173226,0.0004186370102752985
dataframe000014,90.0,2.0,7.6746993,-0.5238796,-0.09185685,0.0014669267,-0.8709026,-0.7075933,-0.43202275,0.0016815427,$\beta_2$-dominated,0.0005267349975859637,0.0005267349975861921,-0.5457105072761923,0.171206742581341,0.2296125431524186,0.28094898887125325,0.0005267349975859637
dataframe000014,90.0,2.0,7.6746993,-0.5238796,0.08433604,0.0014669267,-0.8709026,-0.3552075,-0.60821563,0.0016815427,$\beta_2$-dominated,0.0005069172644882786,0.0005069172644885209,-0.25469460092117063,0.5807878954175335,0.15478171741520994,0.26406459742098676,0.0005069172644882786
dataframe000014,90.0,2.0,7.6746993,-0.5238796,-0.09185685,0.0014669267,-0.8709026,-0.7075933,-0.43202275,0.0016815427,$\beta_2$-dominated,0.0005267349975859637,0.0005267349975861921,-0.5457105072761923,0.171206742581341,0.2296125431524186,0.28094898887125325,0.0005267349975859637
dataframe000016,70.0,3.0,7.1736913,-0.7801484,-0.1931867,-0.0013093903,-0.2331103,-1.1665218,-0.5869617,0.0055856667,$\beta_2$-dominated,-0.0006225458261886649,-0.0006225458261885175,0.11722859322897018,-0.4348430559679533,0.44402119117492844,1.1048909333398225,-0.0006225458261886649
dataframe000016,70.0,3.0,7.1736913,-0.7801484,-0.2898469,-0.0013093903,-0.2331103,-1.3598422,-0.4903015,0.0055856667,$\beta_2$-dominated,-0.0006116557524911867,-0.0006116557524909561,-0.04242401449417481,-0.659541075543485,0.4850737004885138,1.1141537742487548,-0.0006116557524911867
dataframe000016,70.0,3.0,7.1736913,-0.7801484,-0.2898469,-0.0013093903,-0.2331103,-1.3598422,-0.4903015,0.0055856667,$\beta_2$-dominated,-0.0006116557524911867,-0.0006116557524909561,-0.04242401449417481,-0.659541075543485,0.4850737004885138,1.1141537742487548,-0.0006116557524911867
dataframe000016,70.0,3.0,7.1736913,-0.7801484,-0.1931867,-0.0013093903,-0.2331103,-1.1665218,-0.5869617,0.0055856667,$\beta_2$-dominated,-0.0006225458261886649,-0.0006225458261885175,0.11722859322897018,-0.4348430559679533,0.44402119117492844,1.1048909333398225,-0.0006225458261886649
dataframe000016,70.0,3.0,7.1736913,-0.7801484,0.13234997,-0.0013093903,-0.2331103,-0.51544845,-0.91249835,0.0055856667,$\beta_2$-dominated,-0.0006592219185935396,-0.0006592219185933646,0.6549140080576584,0.32190529653101796,0.30576265713136735,1.073695110561606,-0.0006592219185935396
dataframe000013,60.0,2.0,5.757267,-0.3872007,-0.0067475047,-0.002546571,-0.6649082,-0.4006957,-0.3804532,0.0038153464,$\beta_2$-dominated,-0.0010846086066583498,-0.0010846086066581724,-0.0241421292368324,-0.16438081326648338,-0.852768765716825,0.5362383840278596,-0.0010846086066583498
dataframe000013,60.0,2.0,5.757267,-0.3872007,-0.0067475047,-0.002546571,-0.6649082,-0.4006957,-0.3804532,0.0038153464,$\beta_2$-dominated,-0.0010846086066583498,-0.0010846086066581724,-0.0241421292368324,-0.16438081326648338,-0.852768765716825,0.5362383840278596,-0.0010846086066583498
dataframe000013,60.0,2.0,5.757267,-0.3872007,-0.0067475047,-0.002546571,-0.6649082,-0.4006957,-0.3804532,0.0038153464,$\beta_2$-dominated,-0.0010846086066583498,-0.0010846086066581724,-0.0241421292368324,-0.16438081326648338,-0.852768765716825,0.5362383840278596,-0.0010846086066583498
dataframe000013,60.0,2.0,5.757267,-0.3872007,-0.28022072,-0.002546571,-0.6649082,-0.94764215,-0.106979996,0.0038153464,$\beta_2$-dominated,-0.0010538145497019096,-0.0010538145497016767,-0.4758348892394492,-0.8001015241739783,-0.7366220698887644,0.5624450321775426,-0.0010538145497019096
dataframe000013,60.0,2.0,5.757267,-0.3872007,-0.0067475047,-0.002546571,-0.6649082,-0.4006957,-0.3804532,0.0038153464,$\beta_2$-dominated,-0.0010846086066583498,-0.0010846086066581724,-0.0241421292368324,-0.16438081326648338,-0.852768765716825,0.5362383840278596,-0.0010846086066583498
dataframe000013,80.0,2.2,6.889878,-0.6067606,-0.10270691,-0.0003523501,-0.50892925,-0.81217444,-0.5040537,0.00069185713,$\beta_2$-dominated,-0.00020937072617261668,-0.00020937072617232557,-0.06085791705999456,-0.1818083221116104,0.01722646069661221,0.7450967545780397,-0.00020937072617261668
dataframe000013,80.0,2.2,6.889878,-0.6067606,0.2689231,-0.0003523501,-0.50892925,-0.06891441,-0.8756837,0.00069185713,$\beta_2$-dominated,-0.00025123985498060866,-0.0002512398549804286,0.5529593795902064,0.682089442575586,-0.14060835733072338,0.7094838570055724,-0.00025123985498060866
dataframe000013,80.0,2.2,6.889878,-0.6067606,0.2689231,-0.0003523501,-0.50892925,-0.06891441,-0.8756837,0.00069185713,$\beta_2$-dominated,-0.00025123985498060866,-0.0002512398549804286,0.5529593795902064,0.682089442575586,-0.14060835733072338,0.7094838570055724,-0.00025123985498060866
dataframe000013,80.0,2.2,6.889878,-0.6067606,0.09829914,0.00028851087,-0.50892925,-0.41016233,-0.70505977,0.0005665766,$\beta_2$-dominated,3.227599235862984e-05,3.2275992359004214e-05,0.2705263606878622,0.28588665376925,-0.06836190050659224,0.7266977698591758,3.227599235862984e-05
dataframe000013,80.0,2.2,6.889878,-0.6067606,0.09829914,0.00028851087,-0.50892925,-0.41016233,-0.70505977,0.0005665766,$\beta_2$-dominated,3.227599235862984e-05,3.2275992359004214e-05,0.2705263606878622,0.28588665376925,-0.06836190050659224,0.7266977698591758,3.227599235862984e-05
dataframe000013,60.0,2.2,8.93868,-0.7126436,-1.273214,-1.6187495,0.00016216413,-3.2590716,0.56057036,0.99989986,$\alpha_2$-dominated,1.7045848351582265e-05,1.7045848352204644e-05,-0.16480563921293215,-3.875772432973695,2.3853261363776874,-1.05608309288597,1.7045848351582265e-05
dataframe000013,60.0,2.2,8.93868,-0.7126436,-0.95668495,-1.6187495,0.00016216413,-2.6260135,0.24404132,0.99989986,$\alpha_2$-dominated,-1.861541284500226e-05,-1.861541284449089e-05,0.35800196548265095,-3.1399633843809065,2.25089323003771,-1.0864157240740107,-1.861541284500226e-05
dataframe000013,60.0,2.2,8.93868,-0.7126436,-0.26035243,-1.6187495,0.00016216413,-1.2333485,-0.4522912,0.99989986,$\alpha_2$-dominated,-9.706665390409878e-05,-9.706665390380945e-05,1.5081268922906907,-1.5212563867077649,1.9551541566650366,-1.153144507113336,-9.706665390409878e-05
dataframe000013,60.0,2.2,8.93868,-0.7126436,0.86271024,-1.6187495,0.00016216413,1.0127769,-1.5753539,0.99989986,$\alpha_2$-dominated,-0.0002235947973694641,-0.00022359479736917473,3.363077429426636,1.089435151934678,1.4781787079829418,-1.260766374143684,-0.0002235947973694641
dataframe000013,60.0,2.2,8.93868,-0.7126436,-0.95668495,-1.6187495,0.00016216413,-2.6260135,0.24404132,0.99989986,$\alpha_2$-dominated,-1.861541284500226e-05,-1.861541284449089e-05,0.35800196548265095,-3.1399633843809065,2.25089323003771,-1.0864157240740107,-1.861541284500226e-05
dataframe000013,90.0,2.4,5.864436,-0.054992512,-0.38270733,-0.00090667163,-1.35611,-0.82040715,0.3277148,0.00066813594,$\beta_2$-dominated,-0.00032490001285840497,-0.0003249000128582233,-1.5163723236337612,-0.7399351596534065,-1.1520650138022377,-0.3108420027738424,-0.00032490001285840497
dataframe000013,90.0,2.4,5.864436,-0.054992512,-0.38270733,-0.00090667163,-1.35611,-0.82040715,0.3277148,0.00066813594,$\beta_2$-dominated,-0.00032490001285840497,-0.0003249000128582233,-1.5163723236337612,-0.7399351596534065,-1.1520650138022377,-0.3108420027738424,-0.00032490001285840497
dataframe000013,90.0,2.4,5.864436,-0.054992512,-0.38270733,-0.00090667163,-1.35611,-0.82040715,0.3277148,0.00066813594,$\beta_2$-dominated,-0.00032490001285840497,-0.0003249000128582233,-1.5163723236337612,-0.7399351596534065,-1.1520650138022377,-0.3108420027738424,-0.00032490001285840497
dataframe000013,90.0,2.4,5.864436,-0.054992512,-0.13395995,-0.00090667163,-1.35611,-0.3229124,0.07896744,0.00066813594,$\beta_2$-dominated,-0.0003529083708062668,-0.00035290837080602963,-1.1055189668713759,-0.16169257678651147,-1.2577104093020994,-0.33467920077532615,-0.0003529083708062668
dataframe000013,90.0,2.4,5.864436,-0.054992512,-0.38270733,-0.00090667163,-1.35611,-0.82040715,0.3277148,0.00066813594,$\beta_2$-dominated,-0.00032490001285840497,-0.0003249000128582233,-1.5163723236337612,-0.7399351596534065,-1.1520650138022377,-0.3108420027738424,-0.00032490001285840497
dataframe000016,100.0,2.0,6.360732,-0.78840566,-0.5792516,-0.002803836,-0.013354967,-1.9469088,-0.20915407,0.17351754,$\beta_2$-dominated,-0.001177387030624527,-0.0011773870306243269,-0.193769673106405,-1.6104659579441027,0.26504248615155696,1.423410698801302,-0.001177387030624527
dataframe000016,100.0,2.0,6.360732,-0.78840566,-0.5792516,-0.002803836,-0.013354967,-1.9469088,-0.20915407,0.17351754,$\beta_2$-dominated,-0.001177387030624527,-0.0011773870306243269,-0.193769673106405,-1.6104659579441027,0.26504248615155696,1.423410698801302,-0.001177387030624527
dataframe000016,100.0,2.0,6.360732,-0.78840566,0.4305369,-0.002803836,-0.013354967,0.072668135,-1.2189425,0.17351754,$\beta_2$-dominated,-0.0012911205381150813,-0.0012911205381149888,1.4740870797581334,0.7369063521644734,-0.1638243461422961,1.3266437554778263,-0.0012911205381150813
dataframe000016,100.0,2.0,6.360732,-0.78840566,-0.5792516,-0.002803836,-0.013354967,-1.9469088,-0.20915407,0.17351754,$\beta_2$-dominated,-0.001177387030624527,-0.0011773870306243269,-0.193769673106405,-1.6104659579441027,0.26504248615155696,1.423410698801302,-0.001177387030624527
dataframe000016,100.0,2.0,6.360732,-0.78840566,0.4305369,-0.002803836,-0.013354967,0.072668135,-1.2189425,0.17351754,$\beta_2$-dominated,-0.0012911205381150813,-0.0012911205381149888,1.4740870797581334,0.7369063521644734,-0.1638243461422961,1.3266437554778263,-0.0012911205381150813
dataframe000016,90.0,2.4,9.254648,-0.9793251,0.4191583,-0.7099744,0.0007128205,-0.1410085,-1.3984834,0.99899703,$\alpha_2$-dominated,0.00032301006492693404,0.0003230100649271292,1.868876760340613,0.8356289064198102,1.7544925891450123,0.2186304441355223,0.00032301006492693404
dataframe000016,90.0,2.4,9.254648,-0.9793251,0.4191583,-0.7099744,0.0007128205,-0.1410085,-1.3984834,0.99899703,$\alpha_2$-dominated,0.00032301006492693404,0.0003230100649271292,1.868876760340613,0.8356289064198102,1.7544925891450123,0.2186304441355223,0.00032301006492693404
dataframe000016,90.0,2.4,9.254648,-0.9793251,-0.91035956,-0.7099744,0.0007128205,-2.8000443,-0.068965554,0.99899703,$\alpha_2$-dominated,0.0004727326273554455,0.00047273262735586275,-0.32707360596103097,-2.254992086461142,2.3191515738767827,0.34603672544646047,0.0004727326273554455
dataframe000016,90.0,2.4,9.254648,-0.9793251,0.4191583,-0.7099744,0.0007128205,-0.1410085,-1.3984834,0.99899703,$\alpha_2$-dominated,0.00032301006492693404,0.0003230100649271292,1.868876760340613,0.8356289064198102,1.7544925891450123,0.2186304441355223,0.00032301006492693404
dataframe000016,90.0,2.4,9.254648,-0.9793251,0.4191583,-0.7099744,0.0007128205,-0.1410085,-1.3984834,0.99899703,$\alpha_2$-dominated,0.00032301006492693404,0.0003230100649271292,1.868876760340613,0.8356289064198102,1.7544925891450123,0.2186304441355223,0.00032301006492693404
dataframe000015,60.0,2.2,7.219895,-0.20669205,0.70877296,-0.0012996012,-1.3915846,1.2108538,-0.915465,0.0009330288,$\beta_2$-dominated,-0.0006648214724714551,-0.0006648214724710329,0.15770803217190904,2.1288810607067776,-0.7911445126660654,-0.4649823052507328,-0.0006648214724714551
dataframe000015,60.0,2.2,7.219895,-0.20669205,0.051619023,-0.0012996012,-1.3915846,-0.10345401,-0.2583111,0.0009330288,$\beta_2$-dominated,-0.0005907924220216131,-0.0005907924220213019,-0.9277060113617192,0.6012493495492106,-0.5120449628248508,-0.4020079603932587,-0.0005907924220216131
dataframe000015,60.0,2.2,7.219895,-0.20669205,0.051619023,-0.0012996012,-1.3915846,-0.10345401,-0.2583111,0.0009330288,$\beta_2$-dominated,-0.0005907924220216131,-0.0005907924220213019,-0.9277060113617192,0.6012493495492106,-0.5120449628248508,-0.4020079603932587,-0.0005907924220216131
dataframe000015,60.0,2.2,7.219895,-0.20669205,0.70877296,-0.0012996012,-1.3915846,1.2108538,-0.915465,0.0009330288,$\beta_2$-dominated,-0.0006648214724714551,-0.0006648214724710329,0.15770803217190904,2.1288810607067776,-0.7911445126660654,-0.4649823052507328,-0.0006648214724714551
dataframe000015,60.0,2.2,7.219895,-0.20669205,-0.020787043,-0.0012996012,-1.3915846,-0.24826615,-0.18590501,0.0009330288,$\beta_2$-dominated,-0.0005826185165060615,-0.0005826185165057503,-1.0472983499874287,0.4329328943529172,-0.4812934202425409,-0.3950693749153502,-0.0005826185165060615
dataframe000014,50.0,2.6,9.97986,-0.4555378,-0.061186932,5.8356395e-06,-1.5838691,-0.5779117,-0.39435086,3.6844067e-06,$\beta_2$-dominated,-0.00011675211456410725,-0.00011675211456355571,-1.5280134359222237,1.0627863824039543,1.1226202618141579,-0.6429769195146944,-0.00011675211456410725
dataframe000014,50.0,2.6,9.97986,-0.4555378,-0.061186932,5.8356395e-06,-1.5838691,-0.5779117,-0.39435086,3.6844067e-06,$\beta_2$-dominated,-0.00011675211456410725,-0.00011675211456355571,-1.5280134359222237,1.0627863824039543,1.1226202618141579,-0.6429769195146944,-0.00011675211456410725
dataframe000014,50.0,2.6,9.97986,-0.4555378,-1.2153876,5.8356395e-06,-1.5838691,-2.886313,0.7598498,3.6844067e-06,$\beta_2$-dominated,1.3284141162166283e-05,1.328414116305087e-05,-3.434394228379465,-1.6202890444929097,1.612820305231585,-0.5323711345907339,1.3284141162166283e-05
dataframe000014,50.0,2.6,9.97986,-0.4555378,-0.061186932,5.8356395e-06,-1.5838691,-0.5779117,-0.39435086,3.6844067e-06,$\beta_2$-dominated,-0.00011675211456410725,-0.00011675211456355571,-1.5280134359222237,1.0627863824039543,1.1226202618141579,-0.6429769195146944,-0.00011675211456410725
dataframe000014,50.0,2.6,9.97986,-0.4555378,-0.061186932,5.8356395e-06,-1.5838691,-0.5779117,-0.39435086,3.6844067e-06,$\beta_2$-dominated,-0.00011675211456410725,-0.00011675211456355571,-1.5280134359222237,1.0627863824039543,1.1226202618141579,-0.6429769195146944,-0.00011675211456410725
dataframe000014,100.0,3.0,8.501376,-0.16679633,0.069316365,0.0007465863,-1.7917246,-0.028163597,-0.23611268,0.0004165123,$\beta_2$-dominated,0.000245111028509838,0.00024511102851004605,-1.480196692951739,1.1018180982383308,-0.019747606098722188,-0.9167067623065042,0.000245111028509838
dataframe000015,90.0,2.4,7.3413334,-0.516346,0.3226994,-0.002793268,-0.80261916,0.12905282,-0.8390454,0.0034681214,$\beta_2$-dominated,-0.0012610367812631446,-0.0012610367812628722,0.24920309994238043,1.0269557824563307,-0.10244315031077109,0.32379627744852135,-0.0012610367812631446
dataframe000015,90.0,2.4,7.3413334,-0.516346,-0.24861315,-0.002793268,-0.80261916,-1.0135722,-0.26773283,0.0034681214,$\beta_2$-dominated,-0.0011966051827617258,-0.0011966051827613147,-0.6944276970317665,-0.3011275586880952,0.1401987088600018,0.3785444955274989,-0.0011966051827617258
dataframe000015,90.0,2.4,7.3413334,-0.516346,-0.24861315,-0.002793268,-0.80261916,-1.0135722,-0.26773283,0.0034681214,$\beta_2$-dominated,-0.0011966051827617258,-0.0011966051827613147,-0.6944276970317665,-0.3011275586880952,0.1401987088600018,0.3785444955274989,-0.0011966051827617258
dataframe000015,90.0,2.4,7.3413334,-0.516346,0.30418402,-0.002793268,-0.80261916,0.09202206,-0.82053,0.0034681214,$\beta_2$-dominated,-0.0012589180019871443,-0.0012589180019868442,0.21862142100039894,0.9839145726072827,-0.09457950551025973,0.3255705681944684,-0.0012589180019871443
dataframe000015,90.0,2.4,7.3413334,-0.516346,-0.051531497,-0.002793268,-0.80261916,-0.61940897,-0.46481448,0.0034681214,$\beta_2$-dominated,-0.0012188418560304531,-0.001218841856030042,-0.36891006751107286,0.15701193825931067,0.05649627238099752,0.359658396665816,-0.0012188418560304531
dataframe000013,70.0,2.6,9.016875,-0.21946873,-0.31097546,-0.00073482346,-1.8152581,-0.84141964,0.091506734,0.00040464004,$\beta_2$-dominated,-0.00034342413522097824,-0.00034342413522062506,-2.168528123994785,0.3469296358013846,0.44814549104447887,-0.9137585519847009,-0.00034342413522097824
dataframe000013,70.0,2.6,9.016875,-0.21946873,-0.31097546,-0.00073482346,-1.8152581,-0.84141964,0.091506734,0.00040464004,$\beta_2$-dominated,-0.00034342413522097824,-0.00034342413522062506,-2.168528123994785,0.3469296358013846,0.44814549104447887,-0.9137585519847009,-0.00034342413522097824
dataframe000013,70.0,2.6,9.016875,-0.21946873,-0.31097546,-0.00073482346,-1.8152581,-0.84141964,0.091506734,0.00040464004,$\beta_2$-dominated,-0.00034342413522097824,-0.00034342413522062506,-2.168528123994785,0.3469296358013846,0.44814549104447887,-0.9137585519847009,-0.00034342413522097824
dataframe000013,70.0,2.6,9.016875,-0.21946873,-0.5396534,-0.00073482346,-1.8152581,-1.2987756,0.3201847,0.00040464004,$\beta_2$-dominated,-0.00031764409550010973,-0.00031764409549986757,-2.5462330627614262,-0.18465924510894569,0.5452671986516798,-0.8918446022719514,-0.00031764409550010973
dataframe000013,70.0,2.6,9.016875,-0.21946873,-0.5396534,-0.00073482346,-1.8152581,-1.2987756,0.3201847,0.00040464004,$\beta_2$-dominated,-0.00031764409550010973,-0.00031764409549986757,-2.5462330627614262,-0.18465924510894569,0.5452671986516798,-0.8918446022719514,-0.00031764409550010973
dataframe000014,90.0,2.4,5.234789,-0.0051664133,0.019065239,-0.0004886976,-1.2983309,0.032964066,-0.024231652,0.0003762629,$\beta_2$-dominated,-0.00016204983327637923,-0.0001620498332761073,-0.741647842630617,0.023915694235586045,-1.6743712076767405,-0.273136918825634,-0.00016204983327637923
dataframe000014,90.0,2.4,5.234789,-0.0051664133,-0.60415804,-0.0004886976,-1.2983309,-1.2134825,0.59899163,0.0003762629,$\beta_2$-dominated,-9.183328408611857e-05,-9.183328408573561e-05,-1.771019038941825,-1.42484027935283,-1.4096823245914636,-0.21341411460086582,-9.183328408611857e-05
dataframe000014,90.0,2.4,5.234789,-0.0051664133,0.019065239,-0.0004886976,-1.2983309,0.032964066,-0.024231652,0.0003762629,$\beta_2$-dominated,-0.00016204983327637923,-0.0001620498332761073,-0.741647842630617,0.023915694235586045,-1.6743712076767405,-0.273136918825634,-0.00016204983327637923
dataframe000014,90.0,2.4,5.234789,-0.0051664133,0.019065239,-0.0004886976,-1.2983309,0.032964066,-0.024231652,0.0003762629,$\beta_2$-dominated,-0.00016204983327637923,-0.0001620498332761073,-0.741647842630617,0.023915694235586045,-1.6743712076767405,-0.273136918825634,-0.00016204983327637923
dataframe000014,90.0,2.4,5.234789,-0.0051664133,0.019065239,-0.0004886976,-1.2983309,0.032964066,-0.024231652,0.0003762629,$\beta_2$-dominated,-0.00016204983327637923,-0.0001620498332761073,-0.741647842630617,0.023915694235586045,-1.6743712076767405,-0.273136918825634,-0.00016204983327637923
dataframe000013,100.0,3.0,5.4916706,-0.503277,0.3998858,-0.73266166,-0.0004849823,0.2964946,-0.90316284,0.99933845,$\alpha_2$-dominated,-0.0005196231896681771,-0.0005196231896679778,2.0898266353292354,-0.10839495060031813,-0.5983667952833354,0.1936074650805547,-0.0005196231896681771
dataframe000013,100.0,3.0,5.4916706,-0.503277,0.43259257,-0.73266166,-0.0004849823,0.36190814,-0.9358696,0.99933845,$\alpha_2$-dominated,-0.0005232752753256233,-0.0005232752753255351,2.143848023458684,-0.03236424617201296,-0.6122576852094387,0.19047319365600884,-0.0005232752753256233
dataframe000013,100.0,3.0,5.4916706,-0.503277,-0.09148156,-0.73266166,-0.0004849823,-0.68624014,-0.41179544,0.99933845,$\alpha_2$-dominated,-0.0004642312616858592,-0.00046423126168565997,1.278240405926105,-1.2506363443412425,-0.38967839078107064,0.24069464487507186,-0.0004642312616858592
dataframe000013,100.0,3.0,5.4916706,-0.503277,-0.09148156,-0.73266166,-0.0004849823,-0.68624014,-0.41179544,0.99933845,$\alpha_2$-dominated,-0.0004642312616858592,-0.00046423126168565997,1.278240405926105,-1.2506363443412425,-0.38967839078107064,0.24069464487507186,-0.0004642312616858592
dataframe000013,100.0,3.0,5.4916706,-0.503277,0.43259257,-0.73266166,-0.0004849823,0.36190814,-0.9358696,0.99933845,$\alpha_2$-dominated,-0.0005232752753256233,-0.0005232752753255351,2.143848023458684,-0.03236424617201296,-0.6122576852094387,0.19047319365600884,-0.0005232752753256233
dataframe000015,100.0,3.0,8.684894,-0.6674053,0.6150169,0.0001653583,-0.83636564,0.56262845,-1.2824222,0.00019767146,$\beta_2$-dominated,-0.00010034320061268153,-0.00010034320061230435,0.6029894715437666,2.036809631223929,0.5905695371193601,0.2529816502832055,-0.00010034320061268153
dataframe000015,100.0,3.0,8.684894,-0.6674053,0.82741106,0.0001653583,-0.83636564,0.9874168,-1.4948163,0.00019767146,$\beta_2$-dominated,-0.0001242067220078159,-0.00012420672200779955,0.9537985959448194,2.530544868181866,0.5003636734375086,0.23262811318971807,-0.0001242067220078159
dataframe000015,100.0,3.0,8.684894,-0.6674053,-0.0027940655,0.0001653583,-0.83636564,-0.6729934,-0.6646112,0.00019767146,$\beta_2$-dominated,-3.070570117383275e-05,-3.070570117363598e-05,-0.4174422344570687,0.6006352685321359,0.852959731998861,0.31218577856897,-3.070570117383275e-05
dataframe000015,100.0,3.0,8.684894,-0.6674053,-0.0027940655,0.0001653583,-0.83636564,-0.6729934,-0.6646112,0.00019767146,$\beta_2$-dominated,-3.070570117383275e-05,-3.070570117363598e-05,-0.4174422344570687,0.6006352685321359,0.852959731998861,0.31218577856897,-3.070570117383275e-05
dataframe000015,100.0,3.0,8.684894,-0.6674053,-0.0027940655,0.0001653583,-0.83636564,-0.6729934,-0.6646112,0.00019767146,$\beta_2$-dominated,-3.070570117383275e-05,-3.070570117363598e-05,-0.4174422344570687,0.6006352685321359,0.852959731998861,0.31218577856897,-3.070570117383275e-05
dataframe000014,70.0,2.0,4.2353573,-0.08420087,-0.07529601,0.0010638195,-0.89041996,-0.23479289,-0.008904859,0.0011933134,$\beta_2$-dominated,0.0004890176358865798,0.0004890176358868755,-0.32718097380558525,-0.5893618931153931,-1.9522840546318103,0.2629545510265636,0.0004890176358865798
dataframe000014,70.0,2.0,4.2353573,-0.08420087,-0.07529601,0.0010638195,-0.89041996,-0.23479289,-0.008904859,0.0011933134,$\beta_2$-dominated,0.0004890176358865798,0.0004890176358868755,-0.32718097380558525,-0.5893618931153931,-1.9522840546318103,0.2629545510265636,0.0004890176358865798
dataframe000014,70.0,2.0,4.2353573,-0.08420087,-0.07529601,0.0010638195,-0.89041996,-0.23479289,-0.008904859,0.0011933134,$\beta_2$-dominated,0.0004890176358865798,0.0004890176358868755,-0.32718097380558525,-0.5893618931153931,-1.9522840546318103,0.2629545510265636,0.0004890176358865798
dataframe000014,70.0,2.0,4.2353573,-0.08420087,0.20317616,0.0010638195,-0.89041996,0.32215145,-0.28737703,0.0011933134,$\beta_2$-dominated,0.00045764399339950126,0.00045764399339981074,0.13276851560828418,0.05797948670906402,-2.0705538465708515,0.23626886760839266,0.00045764399339950126
dataframe000014,70.0,2.0,4.2353573,-0.08420087,-0.064615704,0.0010638195,-0.89041996,-0.21343228,-0.019585162,0.0011933134,$\beta_2$-dominated,0.00048781435583532864,0.00048781435583561037,-0.30954043221325306,-0.5645342700870835,-1.9568200813735204,0.2619310692767351,0.00048781435583532864
dataframe000015,70.0,3.0,7.789016,-0.71972716,-0.22804648,-0.00027306724,-0.50776863,-1.1758201,-0.49168068,0.00053748983,$\beta_2$-dominated,-0.00018549313523270173,-0.00018549313523244222,-0.3227587022834181,-0.26274527253893903,0.6360330614562468,0.7563087874630003,-0.00018549313523270173
dataframe000015,70.0,3.0,7.789016,-0.71972716,-0.22804648,-0.00027306724,-0.50776863,-1.1758201,-0.49168068,0.00053748983,$\beta_2$-dominated,-0.00018549313523270173,-0.00018549313523244222,-0.3227587022834181,-0.26274527253893903,0.6360330614562468,0.7563087874630003,-0.00018549313523270173
dataframe000015,70.0,3.0,7.789016,-0.71972716,-0.22804648,-0.00027306724,-0.50776863,-1.1758201,-0.49168068,0.00053748983,$\beta_2$-dominated,-0.00018549313523270173,-0.00018549313523244222,-0.3227587022834181,-0.26274527253893903,0.6360330614562468,0.7563087874630003,-0.00018549313523270173
dataframe000015,70.0,3.0,7.789016,-0.71972716,-0.22804648,-0.00027306724,-0.50776863,-1.1758201,-0.49168068,0.00053748983,$\beta_2$-dominated,-0.00018549313523270173,-0.00018549313523244222,-0.3227587022834181,-0.26274527253893903,0.6360330614562468,0.7563087874630003,-0.00018549313523270173
dataframe000015,70.0,3.0,7.789016,-0.71972716,0.42618734,-0.00027306724,-0.50776863,0.13264751,-1.1459146,0.00053748983,$\beta_2$-dominated,-0.0002592669351624345,-0.0002592669351622305,0.7578323083071811,1.2580983949111193,0.3581737352784196,0.6936143122719401,-0.0002592669351624345
dataframe000013,70.0,2.4,5.858199,-0.351922,-0.6103631,-1.521374,9.5370495e-05,-1.5726483,0.25844112,0.9999373,$\alpha_2$-dominated,1.2915638739640055e-05,1.291563873996246e-05,1.0431163448393805,-2.9818080386958856,0.15715727493144901,-0.9574807224369907,1.2915638739640055e-05
dataframe000013,70.0,2.4,5.858199,-0.351922,0.3590016,-1.521374,9.5370495e-05,0.3660812,-0.7109236,0.9999373,$\alpha_2$-dominated,-9.627997637749022e-05,-9.627997637716781e-05,2.644205661525901,-0.7284054516384447,-0.25454120374060957,-1.0503738945193113,-9.627997637749022e-05
dataframe000013,70.0,2.4,5.858199,-0.351922,-0.6103631,-1.521374,9.5370495e-05,-1.5726483,0.25844112,0.9999373,$\alpha_2$-dominated,1.2915638739640055e-05,1.291563873996246e-05,1.0431163448393805,-2.9818080386958856,0.15715727493144901,-0.9574807224369907,1.2915638739640055e-05
dataframe000013,70.0,2.4,5.858199,-0.351922,-0.6103631,-1.521374,9.5370495e-05,-1.5726483,0.25844112,0.9999373,$\alpha_2$-dominated,1.2915638739640055e-05,1.291563873996246e-05,1.0431163448393805,-2.9818080386958856,0.15715727493144901,-0.9574807224369907,1.2915638739640055e-05
dataframe000013,70.0,2.4,5.858199,-0.351922,-0.6103631,-1.521374,9.5370495e-05,-1.5726483,0.25844112,0.9999373,$\alpha_2$-dominated,1.2915638739640055e-05,1.291563873996246e-05,1.0431163448393805,-2.9818080386958856,0.15715727493144901,-0.9574807224369907,1.2915638739640055e-05
dataframe000016,80.0,2.0,4.0431027,-0.29862866,0.004396773,-0.82698196,-0.0004646188,-0.28983513,-0.30302542,0.99943846,$\alpha_2$-dominated,-0.00041404311402138755,-0.0004140431140210488,1.6042895023162447,-1.44045345689563,-1.3287067943962632,0.08619618593989666,-0.00041404311402138755
dataframe000016,80.0,2.0,4.0431027,-0.29862866,0.004396773,-0.82698196,-0.0004646188,-0.28983513,-0.30302542,0.99943846,$\alpha_2$-dominated,-0.00041404311402138755,-0.0004140431140210488,1.6042895023162447,-1.44045345689563,-1.3287067943962632,0.08619618593989666,-0.00041404311402138755
dataframe000016,80.0,2.0,4.0431027,-0.29862866,0.004396773,-0.82698196,-0.0004646188,-0.28983513,-0.30302542,0.99943846,$\alpha_2$-dominated,-0.00041404311402138755,-0.0004140431140210488,1.6042895023162447,-1.44045345689563,-1.3287067943962632,0.08619618593989666,-0.00041404311402138755
dataframe000016,80.0,2.0,4.0431027,-0.29862866,-0.4869081,-0.82698196,-0.0004646188,-1.2724448,0.18827945,0.99943846,$\alpha_2$-dominated,-0.00035867461488282366,-0.00035867461488265143,0.7928065345148922,-2.582549522433342,-1.120044932005893,0.13327738428103303,-0.00035867461488282366
dataframe000016,80.0,2.0,4.0431027,-0.29862866,0.004396773,-0.82698196,-0.0004646188,-0.28983513,-0.30302542,0.99943846,$\alpha_2$-dominated,-0.00041404311402138755,-0.0004140431140210488,1.6042895023162447,-1.44045345689563,-1.3287067943962632,0.08619618593989666,-0.00041404311402138755
dataframe000014,90.0,3.2,6.0167575,-0.5044516,-0.21810704,-0.99051607,0.00027525212,-0.94066566,-0.28634453,0.9997222,$\alpha_2$-dominated,0.00014257972423572425,0.00014257972423581145,1.2476118963839422,-1.6219314299398297,0.025544559781128084,-0.15576052834173532,0.00014257972423572425
dataframe000014,90.0,3.2,6.0167575,-0.5044516,-0.21810704,-0.99051607,0.00027525212,-0.94066566,-0.28634453,0.9997222,$\alpha_2$-dominated,0.00014257972423572425,0.00014257972423581145,1.2476118963839422,-1.6219314299398297,0.025544559781128084,-0.15576052834173532,0.00014257972423572425
dataframe000014,90.0,3.2,6.0167575,-0.5044516,-0.21810704,-0.99051607,0.00027525212,-0.94066566,-0.28634453,0.9997222,$\alpha_2$-dominated,0.00014257972423572425,0.00014257972423581145,1.2476118963839422,-1.6219314299398297,0.025544559781128084,-0.15576052834173532,0.00014257972423572425
dataframe000014,90.0,3.2,6.0167575,-0.5044516,-0.21810704,-0.99051607,0.00027525212,-0.94066566,-0.28634453,0.9997222,$\alpha_2$-dominated,0.00014257972423572425,0.00014257972423581145,1.2476118963839422,-1.6219314299398297,0.025544559781128084,-0.15576052834173532,0.00014257972423572425
dataframe000014,90.0,3.2,6.0167575,-0.5044516,-0.21810704,-0.99051607,0.00027525212,-0.94066566,-0.28634453,0.9997222,$\alpha_2$-dominated,0.00014257972423572425,0.00014257972423581145,1.2476118963839422,-1.6219314299398297,0.025544559781128084,-0.15576052834173532,0.00014257972423572425
dataframe000016,60.0,2.6,6.056849,-0.22071594,0.6359459,0.00057990086,-1.0727457,1.0511758,-0.85666186,0.0005402842,$\beta_2$-dominated,0.0001672744554297933,0.00016727445542989684,0.5064427794550089,1.562582414880198,-1.248843174334199,-0.04415080109065616,0.0001672744554297933
dataframe000016,60.0,2.6,6.056849,-0.22071594,0.037631292,0.00057990086,-1.0727457,-0.14545336,-0.25834724,0.0005402842,$\beta_2$-dominated,0.00023469904362476862,0.00023469904362487216,-0.481787023150587,0.17172959984029923,-0.9947332532780384,0.013185023437282542,0.00023469904362476862
dataframe000016,60.0,2.6,6.056849,-0.22071594,-0.5769653,0.00057990086,-1.0727457,-1.3746464,0.35624933,0.0005402842,$\beta_2$-dominated,0.00030399078334735646,0.00030399078334768204,-1.4969095465415796,-1.2569725174193085,-0.7337082531306295,0.07208111005851141,0.00030399078334735646
dataframe000016,60.0,2.6,6.056849,-0.22071594,-0.003352117,0.00057990086,-1.0727457,-0.22742018,-0.21736382,0.0005402842,$\beta_2$-dominated,0.0002393327630876229,0.00023933276308789298,-0.5494788925190134,0.07645882064934463,-0.9773272145866442,0.01711240980804705,0.0002393327630876229
dataframe000016,60.0,2.6,6.056849,-0.22071594,0.6359459,0.00057990086,-1.0727457,1.0511758,-0.85666186,0.0005402842,$\beta_2$-dominated,0.0001672744554297933,0.00016727445542989684,0.5064427794550089,1.562582414880198,-1.248843174334199,-0.04415080109065616,0.0001672744554297933
dataframe000013,90.0,2.6,7.066823,-0.000103314334,0.519611,-0.00053494493,-1.766475,1.0391186,-0.5197143,0.0003027402,$\beta_2$-dominated,-0.00028542985217855057,-0.0002854298521781913,-0.6139513557804276,1.801390747300249,-1.0923507953783278,-0.9254454241124114,-0.00028542985217855057
dataframe000013,90.0,2.6,7.066823,-0.000103314334,-0.13972951,-0.00053494493,-1.766475,-0.27956235,0.1396262,0.0003027402,$\beta_2$-dominated,-0.0002111462599151928,-0.00021114625991483353,-1.7029769717076746,0.26867604469911266,-0.8123225836367849,-0.8622615452522627,-0.0002111462599151928
dataframe000013,90.0,2.6,7.066823,-0.000103314334,0.36816785,-0.00053494493,-1.766475,0.7362324,-0.36827117,0.0003027402,$\beta_2$-dominated,-0.00026836774353116956,-0.00026836774353092134,-0.864088335057786,1.4493433572338472,-1.0280314534151638,-0.9109327952394465,-0.00026836774353116956
dataframe000013,90.0,2.6,7.066823,-0.000103314334,0.36816785,-0.00053494493,-1.766475,0.7362324,-0.36827117,0.0003027402,$\beta_2$-dominated,-0.00026836774353116956,-0.00026836774353092134,-0.864088335057786,1.4493433572338472,-1.0280314534151638,-0.9109327952394465,-0.00026836774353116956
dataframe000013,90.0,2.6,7.066823,-0.000103314334,0.519611,-0.00053494493,-1.766475,1.0391186,-0.5197143,0.0003027402,$\beta_2$-dominated,-0.00028542985217855057,-0.0002854298521781913,-0.6139513557804276,1.801390747300249,-1.0923507953783278,-0.9254454241124114,-0.00028542985217855057
dataframe000016,90.0,2.2,4.859223,-0.19564003,-0.041688256,-0.00056003185,-0.8234895,-0.27901655,-0.15395176,0.0006796095,$\beta_2$-dominated,-0.00019571241481168772,-0.00019571241481143,-0.2255813499715481,-0.39240396528867344,-1.5232717646418603,0.3415814393670157,-0.00019571241481168772
dataframe000016,90.0,2.2,4.859223,-0.19564003,-0.041688256,-0.00056003185,-0.8234895,-0.27901655,-0.15395176,0.0006796095,$\beta_2$-dominated,-0.00019571241481168772,-0.00019571241481143,-0.2255813499715481,-0.39240396528867344,-1.5232717646418603,0.3415814393670157,-0.00019571241481168772
dataframe000016,90.0,2.2,4.859223,-0.19564003,-0.041688256,-0.00056003185,-0.8234895,-0.27901655,-0.15395176,0.0006796095,$\beta_2$-dominated,-0.00019571241481168772,-0.00019571241481143,-0.2255813499715481,-0.39240396528867344,-1.5232717646418603,0.3415814393670157,-0.00019571241481168772
dataframe000016,90.0,2.2,4.859223,-0.19564003,0.3051167,-0.00056003185,-0.8234895,0.4145934,-0.50075674,0.0006796095,$\beta_2$-dominated,-0.00023478466872908289,-0.000234784668728957,0.3472327007704354,0.4137850761703881,-1.6705631524143432,0.30834749788561494,-0.00023478466872908289
dataframe000016,90.0,2.2,4.859223,-0.19564003,0.51982933,-0.00056003185,-0.8234895,0.84401864,-0.71546936,0.0006796095,$\beta_2$-dominated,-0.00025897493867533606,-0.00025897493867511304,0.7018712262515424,0.9129098664085572,-1.7617536539532586,0.28777182243278243,-0.00025897493867533606
dataframe000016,100.0,3.0,5.4912214,-0.043781526,-0.10464458,-0.0011168435,-1.2852118,-0.25307068,0.060863055,0.0008682412,$\beta_2$-dominated,-0.00041972697047002166,-0.0004197269704697079,-0.9450365247951088,-0.20912186282931813,-1.4505780835065187,-0.24600922572469733,-0.00041972697047002166
dataframe000016,100.0,3.0,5.4912214,-0.043781526,0.033870347,-0.0011168435,-1.2852118,0.023959167,-0.07765187,0.0008682412,$\beta_2$-dominated,-0.0004353366398373885,-0.00043533663983701923,-0.7162529093652957,0.1128724087885621,-1.5094066941352442,-0.2592829572172754,-0.0004353366398373885
dataframe000016,100.0,3.0,5.4912214,-0.043781526,0.033870347,-0.0011168435,-1.2852118,0.023959167,-0.07765187,0.0008682412,$\beta_2$-dominated,-0.0004353366398373885,-0.00043533663983701923,-0.7162529093652957,0.1128724087885621,-1.5094066941352442,-0.2592829572172754,-0.0004353366398373885
dataframe000016,100.0,3.0,5.4912214,-0.043781526,0.34303904,-0.0011168435,-1.2852118,0.64229655,-0.38682055,0.0008682412,$\beta_2$-dominated,-0.00047015636956801703,-0.0004701563695678698,-0.20560231430233644,0.8315714612511976,-1.640713597490251,-0.2889102614338877,-0.00047015636956801703
dataframe000016,100.0,3.0,5.4912214,-0.043781526,0.033870347,-0.0011168435,-1.2852118,0.023959167,-0.07765187,0.0008682412,$\beta_2$-dominated,-0.0004353366398373885,-0.00043533663983701923,-0.7162529093652957,0.1128724087885621,-1.5094066941352442,-0.2592829572172754,-0.0004353366398373885
dataframe000016,80.0,3.2,7.282665,-0.82422465,-0.56320703,-0.34440255,-0.0009335083,-1.9506388,-0.26101762,0.99729687,$\alpha_2$-dominated,-0.0008433225645590417,-0.0008433225645589509,0.06947240548337345,-1.6264176570583255,0.8881160396831074,0.8948494648721871,-0.0008433225645590417
dataframe000016,80.0,3.2,7.282665,-0.82422465,-0.7046448,-0.34440255,-0.0009335083,-2.2335143,-0.11957985,0.99729687,$\alpha_2$-dominated,-0.0008273876939647832,-0.0008273876939646923,-0.16413883671516014,-1.9552064204941049,0.9481860118112434,0.9084032915329798,-0.0008273876939647832
dataframe000016,80.0,3.2,7.282665,-0.82422465,-0.56320703,-0.34440255,-0.0009335083,-1.9506388,-0.26101762,0.99729687,$\alpha_2$-dominated,-0.0008433225645590417,-0.0008433225645589509,0.06947240548337345,-1.6264176570583255,0.8881160396831074,0.8948494648721871,-0.0008433225645590417
dataframe000016,80.0,3.2,7.282665,-0.82422465,-0.56320703,-0.34440255,-0.0009335083,-1.9506388,-0.26101762,0.99729687,$\alpha_2$-dominated,-0.0008433225645590417,-0.0008433225645589509,0.06947240548337345,-1.6264176570583255,0.8881160396831074,0.8948494648721871,-0.0008433225645590417
dataframe000016,80.0,3.2,7.282665,-0.82422465,-0.56320703,-0.34440255,-0.0009335083,-1.9506388,-0.26101762,0.99729687,$\alpha_2$-dominated,-0.0008433225645590417,-0.0008433225645589509,0.06947240548337345,-1.6264176570583255,0.8881160396831074,0.8948494648721871,-0.0008433225645590417
dataframe000014,100.0,2.8,4.6406593,-0.29153603,0.006576789,-1.154146,0.002870883,-0.27838245,-0.2981128,0.9975187,$\alpha_2$-dominated,0.0022938199224767416,0.00229381992247701,1.8409695199547793,-1.5505103856143578,-0.913404928023687,-0.43032221057581616,0.0022938199224767416
dataframe000014,100.0,2.8,4.6406593,-0.29153603,-0.49248993,-1.154146,0.002870883,-1.276516,0.2009539,0.9975187,$\alpha_2$-dominated,0.002349997358922223,0.002349997358922547,1.0166663681292236,-2.7106498304936997,-0.7014464878102389,-0.38249716287719454,0.002349997358922223
dataframe000014,100.0,2.8,4.6406593,-0.29153603,-0.44995657,-1.154146,0.002870883,-1.1914492,0.15842053,0.9975187,$\alpha_2$-dominated,0.002345238170938185,0.002345238170938509,1.0869182959573225,-2.6117759656626967,-0.7195108415566065,-0.3865731095379847,0.002345238170938185
dataframe000014,100.0,2.8,4.6406593,-0.29153603,-0.01865294,-1.154146,0.002870883,-0.32884192,-0.2728831,0.9975187,$\alpha_2$-dominated,0.0022966460061394963,0.0022966460061397092,1.7992978482498079,-1.6091598676920034,-0.9026896109006627,-0.4279044636183668,0.0022966460061394963
dataframe000014,100.0,2.8,4.6406593,-0.29153603,0.2800479,-1.154146,0.002870883,0.26855975,-0.5715839,0.9975187,$\alpha_2$-dominated,0.0022629933314957714,0.00226299333149604,2.2926588128284817,-0.9147945625606233,-1.0295507119009522,-0.45652863826069007,0.0022629933314957714
dataframe000016,60.0,2.4,8.600115,-0.8124162,-0.77563506,0.00024230327,-0.52516234,-2.3636863,-0.036781132,0.0004611746,$\beta_2$-dominated,6.259553571422947e-05,6.259553571431965e-05,-1.300157679759683,-1.338291415623777,1.3646208287181485,0.785052422175306,6.259553571422947e-05
dataframe000016,60.0,2.4,8.600115,-0.8124162,-0.90911454,0.00024230327,-0.52516234,-2.6306453,0.096698344,0.0004611746,$\beta_2$-dominated,7.763379736545293e-05,7.763379736570964e-05,-1.5206242950427113,-1.6485801891245655,1.4213108377716561,0.7978436143282007,7.763379736545293e-05
dataframe000016,60.0,2.4,8.600115,-0.8124162,-0.90911454,0.00024230327,-0.52516234,-2.6306453,0.096698344,0.0004611746,$\beta_2$-dominated,7.763379736545293e-05,7.763379736570964e-05,-1.5206242950427113,-1.6485801891245655,1.4213108377716561,0.7978436143282007,7.763379736545293e-05
dataframe000016,60.0,2.4,8.600115,-0.8124162,-0.9399936,0.00024230327,-0.52516234,-2.6924033,0.12757742,0.0004611746,$\beta_2$-dominated,8.117827998464175e-05,8.1178279985065e-05,-1.571626897078606,-1.7203621739659343,1.4344254263962612,0.8008026817101945,8.117827998464175e-05
dataframe000016,60.0,2.4,8.600115,-0.8124162,-0.77563506,0.00024230327,-0.52516234,-2.3636863,-0.036781132,0.0004611746,$\beta_2$-dominated,6.259553571422947e-05,6.259553571431965e-05,-1.300157679759683,-1.338291415623777,1.3646208287181485,0.785052422175306,6.259553571422947e-05
dataframe000016,50.0,2.6,8.219978,-0.80639726,-0.80087674,-0.0024291177,-0.44218123,-2.4081507,-0.0055205226,0.0054634754,$\beta_2$-dominated,-0.0010395653531569517,-0.001039565353156852,-1.2118956815494482,-1.5205814461840987,1.2006223667008178,0.8911397902290372,-0.0010395653531569517
dataframe000016,50.0,2.6,8.219978,-0.80639726,-0.02092303,-0.0024291177,-0.44218123,-0.8482433,-0.78547424,0.0054634754,$\beta_2$-dominated,-0.0011274704187194508,-0.001127470418719462,0.07634546719885746,0.2925128570409269,0.8693685948372074,0.8163976992537976,-0.0011274704187194508
dataframe000016,50.0,2.6,8.219978,-0.80639726,-0.23989733,-0.0024291177,-0.44218123,-1.2861919,-0.56649995,0.0054634754,$\beta_2$-dominated,-0.0011028327829976483,-0.0011028327829975485,-0.2853320383599022,-0.2165187315103728,0.9623690953501306,0.8373817866697572,-0.0011028327829976483
dataframe000016,50.0,2.6,8.219978,-0.80639726,-0.02092303,-0.0024291177,-0.44218123,-0.8482433,-0.78547424,0.0054634754,$\beta_2$-dominated,-0.0011274704187194508,-0.001127470418719462,0.07634546719885746,0.2925128570409269,0.8693685948372074,0.8163976992537976,-0.0011274704187194508
dataframe000016,50.0,2.6,8.219978,-0.80639726,-0.02092303,-0.0024291177,-0.44218123,-0.8482433,-0.78547424,0.0054634754,$\beta_2$-dominated,-0.0011274704187194508,-0.001127470418719462,0.07634546719885746,0.2925128570409269,0.8693685948372074,0.8163976992537976,-0.0011274704187194508
dataframe000015,60.0,2.6,7.4658384,-0.59559643,0.7978484,0.00011026851,-0.6752284,1.0001004,-1.3934448,0.00016327883,$\beta_2$-dominated,-0.0001155591371701043,-0.00011555913716997346,1.182470735072275,2.1124852087631183,-0.13015427587010386,0.4449499328589038,-0.0001155591371701043
dataframe000015,60.0,2.6,7.4658384,-0.59559643,-0.7456721,0.00011026851,-0.6752284,-2.0869408,0.15007567,0.00016327883,$\beta_2$-dominated,5.82081648335036e-05,5.820816483371773e-05,-1.366945482827817,-1.4756101478480843,0.5253937140190638,0.5928638911907561,5.82081648335036e-05
dataframe000015,60.0,2.6,7.4658384,-0.59559643,0.7978484,0.00011026851,-0.6752284,1.0001004,-1.3934448,0.00016327883,$\beta_2$-dominated,-0.0001155591371701043,-0.00011555913716997346,1.182470735072275,2.1124852087631183,-0.13015427587010386,0.4449499328589038,-0.0001155591371701043
dataframe000015,60.0,2.6,7.4658384,-0.59559643,0.7978484,0.00011026851,-0.6752284,1.0001004,-1.3934448,0.00016327883,$\beta_2$-dominated,-0.0001155591371701043,-0.00011555913716997346,1.182470735072275,2.1124852087631183,-0.13015427587010386,0.4449499328589038,-0.0001155591371701043
dataframe000015,60.0,2.6,7.4658384,-0.59559643,0.7978484,0.00011026851,-0.6752284,1.0001004,-1.3934448,0.00016327883,$\beta_2$-dominated,-0.0001155591371701043,-0.00011555913716997346,1.182470735072275,2.1124852087631183,-0.13015427587010386,0.4449499328589038,-0.0001155591371701043
dataframe000016,100.0,3.2,8.751269,-0.56673443,0.0034665072,-0.00081610924,-1.054307,-0.5598014,-0.5702009,0.000773473,$\beta_2$-dominated,-0.00043086773541471424,-0.0004308677354144658,-0.6824147563326468,0.7159096013146378,0.7265652971905403,0.031033636585736355,-0.00043086773541471424
dataframe000016,100.0,3.2,8.751269,-0.56673443,-0.33410862,-0.00081610924,-1.054307,-1.2349517,-0.23262581,0.000773473,$\beta_2$-dominated,-0.0003929008886942146,-0.0003929008886939384,-1.239983975138459,-0.0688235993005151,0.8699367234164646,0.0633831309523317,-0.0003929008886942146
dataframe000016,100.0,3.2,8.751269,-0.56673443,-0.4672646,-0.00081610924,-1.054307,-1.5012636,-0.09946984,0.000773473,$\beta_2$-dominated,-0.00037786630509249497,-0.000377866305092191,-1.4599162405603434,-0.3783603108157821,0.9264893112029796,0.07614330150061707,-0.00037786630509249497
dataframe000016,100.0,3.2,8.751269,-0.56673443,-0.33410862,-0.00081610924,-1.054307,-1.2349517,-0.23262581,0.000773473,$\beta_2$-dominated,-0.0003929008886942146,-0.0003929008886939384,-1.239983975138459,-0.0688235993005151,0.8699367234164646,0.0633831309523317,-0.0003929008886942146
dataframe000016,100.0,3.2,8.751269,-0.56673443,0.0034665072,-0.00081610924,-1.054307,-0.5598014,-0.5702009,0.000773473,$\beta_2$-dominated,-0.00043086773541471424,-0.0004308677354144658,-0.6824147563326468,0.7159096013146378,0.7265652971905403,0.031033636585736355,-0.00043086773541471424
dataframe000014,60.0,2.2,7.933373,-0.41150555,0.44518125,-0.0001445272,-1.1602875,0.47885695,-0.85668683,0.00012454604,$\beta_2$-dominated,-0.00016526382518826702,-0.00016526382518791384,-0.034637951316432734,1.5931266838038944,-0.05557092676838822,-0.14392123173610177,-0.00016526382518826702
dataframe000014,60.0,2.2,7.933373,-0.41150555,0.38678563,-0.0001445272,-1.1602875,0.3620657,-0.7982912,0.00012454604,$\beta_2$-dominated,-0.00015868477122498218,-0.00015868477122485104,-0.131089375867064,1.457379173062648,-0.030769747125023436,-0.13832524295900858,-0.00015868477122498218
dataframe000014,60.0,2.2,7.933373,-0.41150555,0.38678563,-0.0001445272,-1.1602875,0.3620657,-0.7982912,0.00012454604,$\beta_2$-dominated,-0.00015868477122498218,-0.00015868477122485104,-0.131089375867064,1.457379173062648,-0.030769747125023436,-0.13832524295900858,-0.00015868477122498218
dataframe000014,60.0,2.2,7.933373,-0.41150555,0.38678563,-0.0001445272,-1.1602875,0.3620657,-0.7982912,0.00012454604,$\beta_2$-dominated,-0.00015868477122498218,-0.00015868477122485104,-0.131089375867064,1.457379173062648,-0.030769747125023436,-0.13832524295900858,-0.00015868477122498218
dataframe000014,60.0,2.2,7.933373,-0.41150555,0.38678563,-0.0001445272,-1.1602875,0.3620657,-0.7982912,0.00012454604,$\beta_2$-dominated,-0.00015868477122498218,-0.00015868477122485104,-0.131089375867064,1.457379173062648,-0.030769747125023436,-0.13832524295900858,-0.00015868477122498218
dataframe000016,80.0,2.6,8.977604,-0.9564005,0.740949,-0.0006718321,-0.33155522,0.52549744,-1.6973495,0.0020222077,$\beta_2$-dominated,-0.0005012355428953402,-0.0005012355428948731,1.4237502866662897,2.1988474083040783,1.1051655315569953,0.8853803124098706,-0.0005012355428953402
dataframe000016,80.0,2.6,8.977604,-0.9564005,-0.5866088,-0.0006718321,-0.33155522,-2.1296182,-0.3697917,0.0020222077,$\beta_2$-dominated,-0.00035160272233704154,-0.0003516027223369075,-0.768962716766169,-0.8872172278588666,1.6689919904994497,1.0125986888257863,-0.00035160272233704154
dataframe000016,80.0,2.6,8.977604,-0.9564005,-0.20683292,-0.0006718321,-0.33155522,-1.3700664,-0.7495676,0.0020222077,$\beta_2$-dominated,-0.00039445513786441394,-0.0003944551378641689,-0.14169092066509423,-0.004383369230521965,1.5076975707159483,0.9762052169484969,-0.00039445513786441394
dataframe000016,80.0,2.6,8.977604,-0.9564005,0.5536782,-0.0006718321,-0.33155522,0.15095592,-1.5100787,0.0020222077,$\beta_2$-dominated,-0.0004800058785158328,-0.0004800058785157543,1.114437073892805,1.763514330294618,1.1847011601030444,0.903326193736453,-0.0004800058785158328
dataframe000016,80.0,2.6,8.977604,-0.9564005,0.28587162,-0.0006718321,-0.33155522,-0.38465726,-1.2422721,0.0020222077,$\beta_2$-dominated,-0.0004498994022420049,-0.0004498994022418154,0.6721038649036806,1.1409664115791391,1.2984412045825233,0.9289898416196438,-0.0004498994022420049
dataframe000013,100.0,2.0,9.758405,-0.53083116,0.3687587,0.0016647745,-1.3779012,0.20668626,-0.8995899,0.0012067378,$\beta_2$-dominated,0.0005295480186776306,0.0005295480186778216,-0.5484651208224569,1.930330643701581,0.9570088593897246,-0.41763832012413804,0.0005295480186776306
dataframe000013,100.0,2.0,9.758405,-0.53083116,0.3687587,0.0016647745,-1.3779012,0.20668626,-0.8995899,0.0012067378,$\beta_2$-dominated,0.0005295480186776306,0.0005295480186778216,-0.5484651208224569,1.930330643701581,0.9570088593897246,-0.41763832012413804,0.0005295480186776306
dataframe000013,100.0,2.0,9.758405,-0.53083116,0.18716642,0.0016647745,-1.3779012,-0.15649831,-0.71799755,0.0012067378,$\beta_2$-dominated,0.000550072381506919,0.00055007238150711,-0.8483992020789359,1.5081979117689446,1.034132811938212,-0.4002365654467135,0.000550072381506919
dataframe000013,100.0,2.0,9.758405,-0.53083116,0.2016091,0.0016647745,-1.3779012,-0.12761295,-0.73244023,0.0012067378,$\beta_2$-dominated,0.0005484452187292903,0.0005484452187297032,-0.8245443790689878,1.5417716288795051,1.0279988667571347,-0.4016205918876411,0.0005484452187292903
dataframe000013,100.0,2.0,9.758405,-0.53083116,0.3687587,0.0016647745,-1.3779012,0.20668626,-0.8995899,0.0012067378,$\beta_2$-dominated,0.0005295480186776306,0.0005295480186778216,-0.5484651208224569,1.930330643701581,0.9570088593897246,-0.41763832012413804,0.0005295480186776306
dataframe000016,60.0,3.0,8.338731,-0.2013218,0.22692288,0.0004234127,-1.6820112,0.25252396,-0.42824468,0.00025166667,$\beta_2$-dominated,9.461506609933617e-05,9.461506609963462e-05,-1.0724154597629245,1.386634952641663,-0.10528146830991007,-0.7913348828411023,9.461506609933617e-05
dataframe000016,60.0,3.0,8.338731,-0.2013218,0.22692288,0.0004234127,-1.6820112,0.25252396,-0.42824468,0.00025166667,$\beta_2$-dominated,9.461506609933617e-05,9.461506609963462e-05,-1.0724154597629245,1.386634952641663,-0.10528146830991007,-0.7913348828411023,9.461506609933617e-05
dataframe000016,60.0,3.0,8.338731,-0.2013218,0.081342846,0.0004234127,-1.6820112,-0.038636103,-0.28266466,0.00025166667,$\beta_2$-dominated,0.00011100842522684511,0.00011100842522714357,-1.3128684246906075,1.0482170206313857,-0.043452234586801655,-0.7773841033170492,0.00011100842522684511
dataframe000016,60.0,3.0,8.338731,-0.2013218,0.2699204,0.0004234127,-1.6820112,0.33851904,-0.4712422,0.00025166667,$\beta_2$-dominated,8.980358633550294e-05,8.980358633591242e-05,-1.0013969146263648,1.4865877687872737,-0.12354294733123782,-0.795455307661489,8.980358633550294e-05
dataframe000016,60.0,3.0,8.338731,-0.2013218,0.081342846,0.0004234127,-1.6820112,-0.038636103,-0.28266466,0.00025166667,$\beta_2$-dominated,0.00011100842522684511,0.00011100842522714357,-1.3128684246906075,1.0482170206313857,-0.043452234586801655,-0.7773841033170492,0.00011100842522684511
dataframe000016,60.0,2.2,4.2335486,-0.5278248,0.1070389,-0.005439961,0.00067160005,-0.31374702,-0.63486373,0.8901099,$\alpha_2$-dominated,0.0005326966852146024,0.0005326966852146936,1.0919131010017962,-0.521872545875158,-1.3523799889935662,1.3761071935197373,0.0005326966852146024
dataframe000016,60.0,2.2,4.2335486,-0.5278248,-0.47695187,-0.005439961,0.00067160005,-1.4817286,-0.05087295,0.8901099,$\alpha_2$-dominated,0.0005985075008733092,0.0005985075008733951,0.12734181539445324,-1.8794279284996709,-1.1043535356819512,1.4320703810314608,0.0005985075008733092
dataframe000016,60.0,2.2,4.2335486,-0.5278248,0.10390165,-0.005439961,0.00067160005,-0.3200215,-0.63172644,0.8901099,$\alpha_2$-dominated,0.0005330992968511876,0.0005330992968512658,1.0867313042071085,-0.5291654898603307,-1.3510475906523312,1.3764078058087494,0.0005330992968511876
dataframe000016,60.0,2.2,4.2335486,-0.5278248,0.1070389,-0.005439961,0.00067160005,-0.31374702,-0.63486373,0.8901099,$\alpha_2$-dominated,0.0005326966852146024,0.0005326966852146936,1.0919131010017962,-0.521872545875158,-1.3523799889935662,1.3761071935197373,0.0005326966852146024
dataframe000016,60.0,2.2,4.2335486,-0.5278248,0.10390165,-0.005439961,0.00067160005,-0.3200215,-0.63172644,0.8901099,$\alpha_2$-dominated,0.0005330992968511876,0.0005330992968512658,1.0867313042071085,-0.5291654898603307,-1.3510475906523312,1.3764078058087494,0.0005330992968511876
dataframe000016,50.0,3.0,9.332836,-0.77750784,0.05679333,-1.5563177,-5.5676104e-05,-0.6639212,-0.8343012,0.99996424,$\alpha_2$-dominated,-0.0003021319367220987,-0.0003021319367218022,1.9560797429163026,-0.643134662373313,2.0603324260096505,-1.0860312395217546,-0.0003021319367220987
dataframe000016,50.0,3.0,9.332836,-0.77750784,0.05679333,-1.5563177,-5.5676104e-05,-0.6639212,-0.8343012,0.99996424,$\alpha_2$-dominated,-0.0003021319367220987,-0.0003021319367218022,1.9560797429163026,-0.643134662373313,2.0603324260096505,-1.0860312395217546,-0.0003021319367220987
dataframe000016,50.0,3.0,9.332836,-0.77750784,0.05679333,-1.5563177,-5.5676104e-05,-0.6639212,-0.8343012,0.99996424,$\alpha_2$-dominated,-0.0003021319367220987,-0.0003021319367218022,1.9560797429163026,-0.643134662373313,2.0603324260096505,-1.0860312395217546,-0.0003021319367220987
dataframe000016,50.0,3.0,9.332836,-0.77750784,-0.56494164,-1.5563177,-5.5676104e-05,-1.9073911,-0.2125662,0.99996424,$\alpha_2$-dominated,-0.00023205234443321338,-0.00023205234443313897,0.9291667881822973,-2.088430853862573,2.324389186363882,-1.0264510774413484,-0.00023205234443321338
dataframe000016,50.0,3.0,9.332836,-0.77750784,-0.11410573,-1.5563177,-5.5676104e-05,-1.0057193,-0.6634021,0.99996424,$\alpha_2$-dominated,-0.00028284508189454935,-0.0002828450818943639,1.6738075697197559,-1.0404097078704386,2.1329148781436706,-1.0696541869429823,-0.00028284508189454935
dataframe000013,80.0,2.8,6.685194,-0.15443692,-0.5073604,2.3476625e-05,-1.3623668,-1.1691577,0.35292348,1.7231938e-05,$\beta_2$-dominated,7.92978491483607e-05,7.929784914848466e-05,-1.7823227805470396,-0.8341664087900899,-0.5887248788233772,-0.30785402464329414,7.92978491483607e-05
dataframe000013,80.0,2.8,6.685194,-0.15443692,-0.5073604,2.3476625e-05,-1.3623668,-1.1691577,0.35292348,1.7231938e-05,$\beta_2$-dominated,7.92978491483607e-05,7.929784914848466e-05,-1.7823227805470396,-0.8341664087900899,-0.5887248788233772,-0.30785402464329414,7.92978491483607e-05
dataframe000013,80.0,2.8,6.685194,-0.15443692,-0.5073604,2.3476625e-05,-1.3623668,-1.1691577,0.35292348,1.7231938e-05,$\beta_2$-dominated,7.92978491483607e-05,7.929784914848466e-05,-1.7823227805470396,-0.8341664087900899,-0.5887248788233772,-0.30785402464329414,7.92978491483607e-05
dataframe000013,80.0,2.8,6.685194,-0.15443692,-0.5073604,2.3476625e-05,-1.3623668,-1.1691577,0.35292348,1.7231938e-05,$\beta_2$-dominated,7.92978491483607e-05,7.929784914848466e-05,-1.7823227805470396,-0.8341664087900899,-0.5887248788233772,-0.30785402464329414,7.92978491483607e-05
dataframe000013,80.0,2.8,6.685194,-0.15443692,0.41128996,2.3476625e-05,-1.3623668,0.66814303,-0.5657269,1.7231938e-05,$\beta_2$-dominated,-2.4167723860748713e-05,-2.4167723860513726e-05,-0.2649978387123131,1.301344658937956,-0.9788844913453583,-0.3958873040624472,-2.4167723860748713e-05
dataframe000015,80.0,2.0,6.3043323,-0.22062327,0.18324366,0.00097426557,-1.1348037,0.14586405,-0.40386695,0.0008577958,$\beta_2$-dominated,0.0003739318691317065,0.00037393186913199617,-0.3346215305045218,0.5929572113775236,-0.9484732081349423,-0.08035397944905467,0.0003739318691317065
dataframe000015,80.0,2.0,6.3043323,-0.22062327,-0.43951404,0.00097426557,-1.1348037,-1.0996513,0.21889077,0.0008577958,$\beta_2$-dominated,0.0004441184947336377,0.00044411849473398286,-1.3632237412386956,-0.854716472146516,-0.6839820733353815,-0.020675804060962984,0.0004441184947336377
dataframe000015,80.0,2.0,6.3043323,-0.22062327,-0.16645223,0.00097426557,-1.1348037,-0.5535277,-0.05417104,0.0008577958,$\beta_2$-dominated,0.000413354402016676,0.0004133544020170212,-0.912210482472309,-0.21995210786596764,-0.7999540343957671,-0.04684301876137465,0.000413354402016676
dataframe000015,80.0,2.0,6.3043323,-0.22062327,-0.16645223,0.00097426557,-1.1348037,-0.5535277,-0.05417104,0.0008577958,$\beta_2$-dominated,0.000413354402016676,0.0004133544020170212,-0.912210482472309,-0.21995210786596764,-0.7999540343957671,-0.04684301876137465,0.000413354402016676
dataframe000015,80.0,2.0,6.3043323,-0.22062327,0.37457368,0.00097426557,-1.1348037,0.5285241,-0.59519696,0.0008577958,$\beta_2$-dominated,0.00035238415689326094,0.00035238415689371717,-0.018603795480687236,1.0377263920922972,-1.0297329007299196,-0.0986889306675311,0.00035238415689326094
dataframe000013,80.0,2.4,6.054272,-0.5690359,0.61414653,-0.7509727,-0.0049306,0.6592572,-1.1831825,0.99347717,$\alpha_2$-dominated,-0.0042501308594485475,-0.004250130859448539,2.419210480636885,0.5100611617881156,-0.3351942346457434,0.13902634743478148,-0.0042501308594485475
dataframe000013,80.0,2.4,6.054272,-0.5690359,-0.0058025713,-0.7509727,-0.0049306,-0.58064103,-0.5632333,0.99347717,$\alpha_2$-dominated,-0.0041802196941984225,-0.004180219694198192,1.3952471583808361,-0.9310836544914132,-0.07189595282487547,0.19843535629012637,-0.0041802196941984225
dataframe000013,80.0,2.4,6.054272,-0.5690359,-0.0058025713,-0.7509727,-0.0049306,-0.58064103,-0.5632333,0.99347717,$\alpha_2$-dominated,-0.0041802196941984225,-0.004180219694198192,1.3952471583808361,-0.9310836544914132,-0.07189595282487547,0.19843535629012637,-0.0041802196941984225
dataframe000013,80.0,2.4,6.054272,-0.5690359,-0.0058025713,-0.7509727,-0.0049306,-0.58064103,-0.5632333,0.99347717,$\alpha_2$-dominated,-0.0041802196941984225,-0.004180219694198192,1.3952471583808361,-0.9310836544914132,-0.07189595282487547,0.19843535629012637,-0.0041802196941984225
dataframe000013,80.0,2.4,6.054272,-0.5690359,-0.0058025713,-0.7509727,-0.0049306,-0.58064103,-0.5632333,0.99347717,$\alpha_2$-dominated,-0.0041802196941984225,-0.004180219694198192,1.3952471583808361,-0.9310836544914132,-0.07189595282487547,0.19843535629012637,-0.0041802196941984225
dataframe000016,90.0,2.0,7.616403,-0.84017056,-0.06795138,-8.2620994e-05,-0.22370361,-0.9760733,-0.7722192,0.00036919606,$\beta_2$-dominated,-0.0001141889422460309,-0.00011418894224587397,0.30693841051198895,-0.04279265343320198,0.6756047174386447,1.10539280150418,-0.0001141889422460309
dataframe000016,90.0,2.0,7.616403,-0.84017056,-0.06795138,-8.2620994e-05,-0.22370361,-0.9760733,-0.7722192,0.00036919606,$\beta_2$-dominated,-0.0001141889422460309,-0.00011418894224587397,0.30693841051198895,-0.04279265343320198,0.6756047174386447,1.10539280150418,-0.0001141889422460309
dataframe000016,90.0,2.0,7.616403,-0.84017056,-0.06795138,-8.2620994e-05,-0.22370361,-0.9760733,-0.7722192,0.00036919606,$\beta_2$-dominated,-0.0001141889422460309,-0.00011418894224587397,0.30693841051198895,-0.04279265343320198,0.6756047174386447,1.10539280150418,-0.0001141889422460309
dataframe000016,90.0,2.0,7.616403,-0.84017056,-0.11489418,-8.2620994e-05,-0.22370361,-1.0699589,-0.72527635,0.00036919606,$\beta_2$-dominated,-0.00010886743080697055,-0.0001088674308066471,0.22940346423007812,-0.15191675622301554,0.6955417600512249,1.1098912610045677,-0.00010886743080697055
dataframe000016,90.0,2.0,7.616403,-0.84017056,-0.06795138,-8.2620994e-05,-0.22370361,-0.9760733,-0.7722192,0.00036919606,$\beta_2$-dominated,-0.0001141889422460309,-0.00011418894224587397,0.30693841051198895,-0.04279265343320198,0.6756047174386447,1.10539280150418,-0.0001141889422460309
dataframe000015,90.0,2.2,9.399877,-0.78071,-0.5540762,-0.0011936631,-0.78850317,-1.8888624,-0.22663379,0.0015115461,$\beta_2$-dominated,-0.0005588342598917514,-0.0005588342598915356,-1.3116544723005237,-0.5329953923736817,1.5730239423474417,0.422571090419081,-0.0005588342598917514
dataframe000015,90.0,2.2,9.399877,-0.78071,-1.0266516,-0.0011936631,-0.78850317,-2.8340132,0.24594164,0.0015115461,$\beta_2$-dominated,-0.0005055922700218892,-0.0005055922700214236,-2.0922022224134955,-1.6315526670450908,1.7737312420163436,0.46785747649339576,-0.0005055922700218892
dataframe000015,90.0,2.2,9.399877,-0.78071,-0.19672027,-0.0011936631,-0.78850317,-1.1741505,-0.58398974,0.0015115461,$\beta_2$-dominated,-0.0005990952234110716,-0.0005990952234108142,-0.721413488275574,0.29772063584620895,1.4212514543216712,0.3883260604698325,-0.0005990952234110716
dataframe000015,90.0,2.2,9.399877,-0.78071,0.1613116,-0.0011936631,-0.78850317,-0.4580868,-0.9420216,0.0015115461,$\beta_2$-dominated,-0.0006394651071104476,-0.0006394651071101902,-0.13005612138804773,1.130007873708636,1.2691919239635743,0.3540162787155317,-0.0006394651071104476
dataframe000015,90.0,2.2,9.399877,-0.78071,-0.5540762,-0.0011936631,-0.78850317,-1.8888624,-0.22663379,0.0015115461,$\beta_2$-dominated,-0.0005588342598917514,-0.0005588342598915356,-1.3116544723005237,-0.5329953923736817,1.5730239423474417,0.422571090419081,-0.0005588342598917514
dataframe000014,50.0,2.2,9.40104,-0.8869962,1.068703,-1.1524686,-0.0008685626,1.2504098,-1.9556992,0.9992469,$\alpha_2$-dominated,-0.0010720398732180561,-0.0010720398732179343,3.2925001377078256,2.038279445502185,1.6239539876119033,-0.5451256163673742,-0.0010720398732180561
dataframe000014,50.0,2.2,9.40104,-0.8869962,0.16203925,-1.1524686,-0.0008685626,-0.5629177,-1.0490354,0.9992469,$\alpha_2$-dominated,-0.0009698919813016298,-0.0009698919813013968,1.794973328348307,-0.06936735791151961,2.0090227576452975,-0.4582410186787946,-0.0009698919813016298
dataframe000014,50.0,2.2,9.40104,-0.8869962,-1.1704886,-1.1524686,-0.0008685626,-3.2279735,0.2834924,0.9992469,$\alpha_2$-dominated,-0.0008198303046337622,-0.0008198303046333072,-0.4059485812254508,-3.1669853923278986,2.5749601075061563,-0.33054629476075953,-0.0008198303046337622
dataframe000014,50.0,2.2,9.40104,-0.8869962,0.43522248,-1.1524686,-0.0008685626,-0.016551256,-1.3222187,0.9992469,$\alpha_2$-dominated,-0.0010006697530163036,-0.0010006697530162373,2.2461871264054776,0.5656792490591348,1.8929992306179038,-0.4844198684133782,-0.0010006697530163036
dataframe000014,50.0,2.2,9.40104,-0.8869962,-0.65568066,-1.1524686,-0.0008685626,-2.1983576,-0.23131555,0.9992469,$\alpha_2$-dominated,-0.0008778303562392624,-0.0008778303562390294,0.44435415722781785,-1.9702536627627796,2.356316255786223,-0.3798797763934571,-0.0008778303562392624
dataframe000014,90.0,3.0,9.103607,-1.0777231,0.92528826,-0.24079756,-0.00016637318,0.7728534,-2.0030115,0.99930954,$\alpha_2$-dominated,-0.00040637371665312776,-0.00040637371665316717,2.3301843658423893,2.3404941812054805,1.387229417473668,0.9118372955760207,-0.00040637371665312776
dataframe000014,90.0,3.0,9.103607,-1.0777231,0.53442544,-0.24079756,-0.00016637318,-0.008872271,-1.6121485,0.99930954,$\alpha_2$-dominated,-0.000362206663015494,-0.00036220666301515873,1.6846003333119677,1.4318873601735913,1.5532325403928602,0.9492931814690564,-0.000362206663015494
dataframe000014,90.0,3.0,9.103607,-1.0777231,0.53442544,-0.24079756,-0.00016637318,-0.008872271,-1.6121485,0.99930954,$\alpha_2$-dominated,-0.000362206663015494,-0.00036220666301515873,1.6846003333119677,1.4318873601735913,1.5532325403928602,0.9492931814690564,-0.000362206663015494
dataframe000014,90.0,3.0,9.103607,-1.0777231,-0.4209119,-0.24079756,-0.00016637318,-1.919547,-0.65681124,0.99930954,$\alpha_2$-dominated,-0.0002546405823602859,-0.0002546405823601588,0.10667996704389894,-0.7889068317156346,1.9589734673848485,1.0408421495240425,-0.0002546405823602859
dataframe000014,90.0,3.0,9.103607,-1.0777231,-0.87212455,-0.24079756,-0.00016637318,-2.8219724,-0.2055986,0.99930954,$\alpha_2$-dominated,-0.00020387093581779366,-0.0002038709358174167,-0.6385831493928664,-1.8378038796086393,2.1506078414603915,1.084081404716517,-0.00020387093581779366
dataframe000015,80.0,2.4,7.587906,-0.6899064,0.6229869,-1.0342152,0.00053733663,0.5560674,-1.3128934,0.99948066,$\alpha_2$-dominated,0.00022758346982099884,0.0002275834698211819,2.5744905377709553,0.6677134666024442,0.6605123273551612,-0.3094452180405209,0.00022758346982099884
dataframe000015,80.0,2.4,7.587906,-0.6899064,-0.1880787,-1.0342152,0.00053733663,-1.0660639,-0.5018277,0.99948066,$\alpha_2$-dominated,0.00031899371643118955,0.00031899371643148364,1.234862106406522,-1.217704244300551,1.0049796441040306,-0.23172170239327755,0.00031899371643118955
dataframe000015,80.0,2.4,7.587906,-0.6899064,0.6229869,-1.0342152,0.00053733663,0.5560674,-1.3128934,0.99948066,$\alpha_2$-dominated,0.00022758346982099884,0.0002275834698211819,2.5744905377709553,0.6677134666024442,0.6605123273551612,-0.3094452180405209,0.00022758346982099884
dataframe000015,80.0,2.4,7.587906,-0.6899064,0.8731234,-1.0342152,0.00053733663,1.0563405,-1.5630298,0.99948066,$\alpha_2$-dominated,0.0001995660817476563,0.00019956608174811694,2.9876382067554808,1.2491851434199335,0.5542768885755576,-0.33341561599309827,0.0001995660817476563
dataframe000015,80.0,2.4,7.587906,-0.6899064,0.6229869,-1.0342152,0.00053733663,0.5560674,-1.3128934,0.99948066,$\alpha_2$-dominated,0.00022758346982099884,0.0002275834698211819,2.5744905377709553,0.6677134666024442,0.6605123273551612,-0.3094452180405209,0.00022758346982099884
dataframe000014,90.0,2.8,6.7453833,-0.11911343,0.67801005,-7.6592885e-05,-1.4480637,1.2369066,-0.7971235,5.289051e-05,$\beta_2$-dominated,-9.503691825961756e-05,-9.50369182592104e-05,0.06487784840465098,1.9691581167052774,-1.119504062777794,-0.5314682312771963,-9.503691825961756e-05
dataframe000014,90.0,2.8,6.7453833,-0.11911343,0.67801005,-7.6592885e-05,-1.4480637,1.2369066,-0.7971235,5.289051e-05,$\beta_2$-dominated,-9.503691825961756e-05,-9.50369182592104e-05,0.06487784840465098,1.9691581167052774,-1.119504062777794,-0.5314682312771963,-9.503691825961756e-05
dataframe000014,90.0,2.8,6.7453833,-0.11911343,-0.71214426,-7.6592885e-05,-1.4480637,-1.543402,0.5930308,5.289051e-05,$\beta_2$-dominated,6.158269669121943e-05,6.158269669173759e-05,-2.231225065326455,-1.26241939909494,-0.5290922455505096,-0.39825126536763344,6.158269669121943e-05
dataframe000014,90.0,2.8,6.7453833,-0.11911343,0.67801005,-7.6592885e-05,-1.4480637,1.2369066,-0.7971235,5.289051e-05,$\beta_2$-dominated,-9.503691825961756e-05,-9.50369182592104e-05,0.06487784840465098,1.9691581167052774,-1.119504062777794,-0.5314682312771963,-9.503691825961756e-05
dataframe000014,90.0,2.8,6.7453833,-0.11911343,-0.71214426,-7.6592885e-05,-1.4480637,-1.543402,0.5930308,5.289051e-05,$\beta_2$-dominated,6.158269669121943e-05,6.158269669173759e-05,-2.231225065326455,-1.26241939909494,-0.5290922455505096,-0.39825126536763344,6.158269669121943e-05
dataframe000015,60.0,2.4,8.121011,-0.4434058,-0.37804195,0.000115441704,-1.1433865,-1.1994897,-0.065363854,0.00010095454,$\beta_2$-dominated,3.513033040359699e-05,3.513033040389078e-05,-1.385236279159222,-0.2830357291756162,0.42467119573887724,-0.04354475597725747,3.513033040359699e-05
dataframe000015,60.0,2.4,8.121011,-0.4434058,-0.37804195,0.000115441704,-1.1433865,-1.1994897,-0.065363854,0.00010095454,$\beta_2$-dominated,3.513033040359699e-05,3.513033040389078e-05,-1.385236279159222,-0.2830357291756162,0.42467119573887724,-0.04354475597725747,3.513033040359699e-05
dataframe000015,60.0,2.4,8.121011,-0.4434058,-0.37804195,0.000115441704,-1.1433865,-1.1994897,-0.065363854,0.00010095454,$\beta_2$-dominated,3.513033040359699e-05,3.513033040389078e-05,-1.385236279159222,-0.2830357291756162,0.42467119573887724,-0.04354475597725747,3.513033040359699e-05
dataframe000015,60.0,2.4,8.121011,-0.4434058,-0.37804195,0.000115441704,-1.1433865,-1.1994897,-0.065363854,0.00010095454,$\beta_2$-dominated,3.513033040359699e-05,3.513033040389078e-05,-1.385236279159222,-0.2830357291756162,0.42467119573887724,-0.04354475597725747,3.513033040359699e-05
dataframe000015,60.0,2.4,8.121011,-0.4434058,-0.37804195,0.000115441704,-1.1433865,-1.1994897,-0.065363854,0.00010095454,$\beta_2$-dominated,3.513033040359699e-05,3.513033040389078e-05,-1.385236279159222,-0.2830357291756162,0.42467119573887724,-0.04354475597725747,3.513033040359699e-05
dataframe000013,100.0,2.8,9.344494,-0.6518296,-0.16152199,0.0008509567,-1.0323968,-0.97487354,-0.49030763,0.0008235747,$\beta_2$-dominated,0.0002737335055544671,0.0002737335055545946,-0.9662879347815657,0.46397039500567655,1.1853081361721014,0.07555740690995952,0.0002737335055544671
dataframe000013,100.0,2.8,9.344494,-0.6518296,-0.92918277,0.0008509567,-1.0323968,-2.5101953,0.27735317,0.0008235747,$\beta_2$-dominated,0.0003601553006772435,0.0003601553006775653,-2.2342250615017423,-1.3205476782447343,1.5113410645909453,0.14912154231287453,0.0003601553006772435
dataframe000013,100.0,2.8,9.344494,-0.6518296,-0.16152199,0.0008509567,-1.0323968,-0.97487354,-0.49030763,0.0008235747,$\beta_2$-dominated,0.0002737335055544671,0.0002737335055545946,-0.9662879347815657,0.46397039500567655,1.1853081361721014,0.07555740690995952,0.0002737335055544671
dataframe000013,100.0,2.8,9.344494,-0.6518296,-0.29433426,0.0008509567,-1.0323968,-1.2404981,-0.35749534,0.0008235747,$\beta_2$-dominated,0.0002887293689298837,0.0002887293689300945,-1.1856525470121588,0.1552326090432575,1.2417147596160687,0.08828464294325414,0.0002887293689298837
dataframe000013,100.0,2.8,9.344494,-0.6518296,-0.29433426,0.0008509567,-1.0323968,-1.2404981,-0.35749534,0.0008235747,$\beta_2$-dominated,0.0002887293689298837,0.0002887293689300945,-1.1856525470121588,0.1552326090432575,1.2417147596160687,0.08828464294325414,0.0002887293689298837
dataframe000014,100.0,2.6,6.5635443,-0.31797355,0.22701465,0.00069462555,-1.0048788,0.13605574,-0.5449882,0.0006907756,$\beta_2$-dominated,0.0002593686497386082,0.0002593686497388232,-0.11606649911999015,0.7041352336454713,-0.7053571498397649,0.08073263461475957,0.0002593686497386082
dataframe000014,100.0,2.6,6.5635443,-0.31797355,-0.25649917,0.00069462555,-1.0048788,-0.8309719,-0.061474383,0.0006907756,$\beta_2$-dominated,0.0003138593829718227,0.0003138593829720932,-0.9146810860784634,-0.41984963576600653,-0.500004217581743,0.127067225893205,0.0003138593829718227
dataframe000014,100.0,2.6,6.5635443,-0.31797355,0.29386008,0.00069462555,-1.0048788,0.2697466,-0.61183363,0.0006907756,$\beta_2$-dominated,0.0002518539972749555,0.00025185399727508723,-0.005658631834013405,0.8595253029297564,-0.7337470502315008,0.07432690115691945,0.0002518539972749555
dataframe000014,100.0,2.6,6.5635443,-0.31797355,0.29386008,0.00069462555,-1.0048788,0.2697466,-0.61183363,0.0006907756,$\beta_2$-dominated,0.0002518539972749555,0.00025185399727508723,-0.005658631834013405,0.8595253029297564,-0.7337470502315008,0.07432690115691945,0.0002518539972749555
dataframe000014,100.0,2.6,6.5635443,-0.31797355,0.52220327,0.00069462555,-1.0048788,0.726433,-0.8401768,0.0006907756,$\beta_2$-dominated,0.00022612806005620426,0.00022612806005658576,0.3714933578760251,1.3903359572334715,-0.8307265846783034,0.052445023190795324,0.00022612806005620426
dataframe000014,70.0,2.8,7.9342794,-0.92610496,0.33913255,-0.0031041454,-0.13134205,-0.24783987,-1.2652376,0.023088383,$\beta_2$-dominated,-0.0014545253877284627,-0.0014545253877283472,1.0776561139099645,0.9396580288719272,0.7736602582550779,1.1797485368208855,-0.0014545253877284627
dataframe000014,70.0,2.8,7.9342794,-0.92610496,0.33913255,-0.0031041454,-0.13134205,-0.24783987,-1.2652376,0.023088383,$\beta_2$-dominated,-0.0014545253877284627,-0.0014545253877283472,1.0776561139099645,0.9396580288719272,0.7736602582550779,1.1797485368208855,-0.0014545253877284627
dataframe000014,70.0,2.8,7.9342794,-0.92610496,0.33913255,-0.0031041454,-0.13134205,-0.24783987,-1.2652376,0.023088383,$\beta_2$-dominated,-0.0014545253877284627,-0.0014545253877283472,1.0776561139099645,0.9396580288719272,0.7736602582550779,1.1797485368208855,-0.0014545253877284627
dataframe000014,70.0,2.8,7.9342794,-0.92610496,0.77981967,-0.0031041454,-0.13134205,0.6335344,-1.7059246,0.023088383,$\beta_2$-dominated,-0.0015041091853728774,-0.001504109185372623,1.805534236061247,1.9640871157213269,0.5864962003867028,1.1375179368490538,-0.0015041091853728774
dataframe000014,70.0,2.8,7.9342794,-0.92610496,0.33913255,-0.0031041454,-0.13134205,-0.24783987,-1.2652376,0.023088383,$\beta_2$-dominated,-0.0014545253877284627,-0.0014545253877283472,1.0776561139099645,0.9396580288719272,0.7736602582550779,1.1797485368208855,-0.0014545253877284627
dataframe000015,50.0,2.8,7.766668,-0.495623,1.1043074,-1.900786,0.0003983612,1.7129918,-1.5999304,0.99979043,$\alpha_2$-dominated,-9.250287727793632e-06,-9.250287727571025e-06,4.066047767872587,1.157755413361771,0.6738805210920146,-1.7266861602293844,-9.250287727793632e-06
dataframe000015,50.0,2.8,7.766668,-0.495623,1.1118919,-1.900786,0.0003983612,1.7281607,-1.6075149,0.99979043,$\alpha_2$-dominated,-1.0104778519695328e-05,-1.0104778519250677e-05,4.078574926731245,1.175386367384958,0.6706593315790336,-1.7274129700272542,-1.0104778519695328e-05
dataframe000015,50.0,2.8,7.766668,-0.495623,1.1118919,-1.900786,0.0003983612,1.7281607,-1.6075149,0.99979043,$\alpha_2$-dominated,-1.0104778519695328e-05,-1.0104778519250677e-05,4.078574926731245,1.175386367384958,0.6706593315790336,-1.7274129700272542,-1.0104778519695328e-05
dataframe000015,50.0,2.8,7.766668,-0.495623,-0.65871185,-1.900786,0.0003983612,-1.8130467,0.16308886,0.99979043,$\alpha_2$-dominated,0.00018937758963644995,0.00018937758963678359,1.154087806108977,-2.94059065077626,1.4226516508338436,-1.5577379529707165,0.00018937758963644995
dataframe000015,50.0,2.8,7.766668,-0.495623,-0.9526078,-1.900786,0.0003983612,-2.4008386,0.45698482,0.99979043,$\alpha_2$-dominated,0.0002224889298652141,0.00022248892986554775,0.6686630092172527,-3.6237864473871824,1.5474720736233036,-1.5295742246672233,0.0002224889298652141
dataframe000016,50.0,2.4,7.822094,-0.12314629,0.033782214,-0.0010972837,-1.7091949,-0.05558186,-0.15692851,0.0006415767,$\beta_2$-dominated,-0.0004836473162282585,-0.00048364731622795476,-1.3915858257899003,0.8261881212768699,-0.3678968422169319,-0.8083138960709387,-0.0004836473162282585
dataframe000016,50.0,2.4,7.822094,-0.12314629,0.033782214,-0.0010972837,-1.7091949,-0.05558186,-0.15692851,0.0006415767,$\beta_2$-dominated,-0.0004836473162282585,-0.00048364731622795476,-1.3915858257899003,0.8261881212768699,-0.3678968422169319,-0.8083138960709387,-0.0004836473162282585
dataframe000016,50.0,2.4,7.822094,-0.12314629,0.12069735,-0.0010972837,-1.7091949,0.11824841,-0.24384364,0.0006415767,$\beta_2$-dominated,-0.0004934394774411433,-0.0004934394774407286,-1.2480290311971987,1.028232597102335,-0.40481053082554574,-0.8166428784074777,-0.0004934394774411433
dataframe000016,50.0,2.4,7.822094,-0.12314629,0.033782214,-0.0010972837,-1.7091949,-0.05558186,-0.15692851,0.0006415767,$\beta_2$-dominated,-0.0004836473162282585,-0.00048364731622795476,-1.3915858257899003,0.8261881212768699,-0.3678968422169319,-0.8083138960709387,-0.0004836473162282585
dataframe000016,50.0,2.4,7.822094,-0.12314629,0.033782214,-0.0010972837,-1.7091949,-0.05558186,-0.15692851,0.0006415767,$\beta_2$-dominated,-0.0004836473162282585,-0.00048364731622795476,-1.3915858257899003,0.8261881212768699,-0.3678968422169319,-0.8083138960709387,-0.0004836473162282585
dataframe000016,100.0,2.2,7.2927427,-0.1993057,0.16573112,0.0018788225,-1.4245061,0.13215654,-0.36503682,0.0013171918,$\beta_2$-dominated,0.0007585280853021161,0.0007585280853020605,-0.7879582327370286,0.8986951290355366,-0.5409100904277313,-0.45103835495337946,0.0007585280853021161
dataframe000016,100.0,2.2,7.2927427,-0.1993057,-0.7470912,0.0018788225,-1.4245061,-1.693488,0.54778546,0.0013171918,$\beta_2$-dominated,0.0008613780075984825,0.000861378007598871,-2.2956569664732847,-1.2232678259896022,-0.15322575268815763,-0.3635635999976958,0.0008613780075984825
dataframe000016,100.0,2.2,7.2927427,-0.1993057,0.5490001,0.0018788225,-1.4245061,0.89869446,-0.7483058,0.0013171918,$\beta_2$-dominated,0.0007153230929822043,0.0007153230929824818,-0.15491699190817754,1.7896490205895432,-0.7036880704425676,-0.48776658679673596,0.0007153230929822043
dataframe000016,100.0,2.2,7.2927427,-0.1993057,-0.8421808,0.0018788225,-1.4245061,-1.8836672,0.6428751,0.0013171918,$\beta_2$-dominated,0.000872091134025347,0.0008720911340259575,-2.4527154601502064,-1.444314841694592,-0.1128402847249255,-0.35445126628092566,0.000872091134025347
dataframe000016,100.0,2.2,7.2927427,-0.1993057,-0.086922966,0.0018788225,-1.4245061,-0.37315163,-0.11238273,0.0013171918,$\beta_2$-dominated,0.0007869929723626581,0.0007869929723628245,-1.2052642651864625,0.31137093567870766,-0.43360548683833317,-0.42682679058219225,0.0007869929723626581
dataframe000013,50.0,3.2,5.49083,-0.08801168,-0.21771072,-0.00038632352,-1.1966496,-0.5234331,0.12969904,0.00032273345,$\beta_2$-dominated,-0.00010737528737321468,-0.00010737528737279092,-1.0218927218869263,-0.5064297161697187,-1.3356964208606452,-0.12079414899427378,-0.00010737528737321468
dataframe000013,50.0,3.2,5.49083,-0.08801168,-0.21771072,-0.00038632352,-1.1966496,-0.5234331,0.12969904,0.00032273345,$\beta_2$-dominated,-0.00010737528737321468,-0.00010737528737279092,-1.0218927218869263,-0.5064297161697187,-1.3356964208606452,-0.12079414899427378,-0.00010737528737321468
dataframe000013,50.0,3.2,5.49083,-0.08801168,-0.21771072,-0.00038632352,-1.1966496,-0.5234331,0.12969904,0.00032273345,$\beta_2$-dominated,-0.00010737528737321468,-0.00010737528737279092,-1.0218927218869263,-0.5064297161697187,-1.3356964208606452,-0.12079414899427378,-0.00010737528737321468
dataframe000013,50.0,3.2,5.49083,-0.08801168,-0.38763127,-0.00038632352,-1.1966496,-0.8632742,0.2996196,0.00032273345,$\beta_2$-dominated,-8.824783234163904e-05,-8.824783234115976e-05,-1.3025486760496043,-0.9014300774703744,-1.263529526959065,-0.10451083842523727,-8.824783234163904e-05
dataframe000013,50.0,3.2,5.49083,-0.08801168,-0.21771072,-0.00038632352,-1.1966496,-0.5234331,0.12969904,0.00032273345,$\beta_2$-dominated,-0.00010737528737321468,-0.00010737528737279092,-1.0218927218869263,-0.5064297161697187,-1.3356964208606452,-0.12079414899427378,-0.00010737528737321468
dataframe000016,80.0,3.0,9.768617,-0.7835463,-0.6873838,0.00079970167,-0.8750016,-2.1583138,-0.09616256,0.0009131085,$\beta_2$-dominated,0.0002812390008951565,0.0002812390008953637,-1.6648176941842376,-0.72101653106109,1.7947591641019105,0.3262911267071341,0.0002812390008951565
dataframe000016,80.0,3.0,9.768617,-0.7835463,0.57734406,0.00079970167,-0.8750016,0.3711418,-1.3608904,0.0009131085,$\beta_2$-dominated,0.00013868482997676283,0.00013868482997701174,0.42411962273566045,2.218992293223731,1.2576172197304196,0.20509368341652004,0.00013868482997676283
dataframe000016,80.0,3.0,9.768617,-0.7835463,0.018578377,0.00079970167,-0.8750016,-0.74638957,-0.8021247,0.0009131085,$\beta_2$-dominated,0.00020167008576358662,0.00020167008576364124,-0.4987876701380814,0.9200755851511747,1.4949303304626658,0.25863956949493044,0.00020167008576358662
dataframe000016,80.0,3.0,9.768617,-0.7835463,0.6938851,0.00079970167,-0.8750016,0.60422385,-1.4774314,0.0009131085,$\beta_2$-dominated,0.00012555491273858791,0.0001255549127387813,0.6166091856598437,2.4899056481313275,1.2081211313958258,0.1939256841998175,0.00012555491273858791
dataframe000016,80.0,3.0,9.768617,-0.7835463,0.6729195,0.00079970167,-0.8750016,0.5622927,-1.4564658,0.0009131085,$\beta_2$-dominated,0.00012791696741298368,0.00012791696741319095,0.5819805689207711,2.44116869536321,1.2170254119551673,0.19593479242751802,0.00012791696741298368
dataframe000013,70.0,3.0,6.2263985,-0.1969527,-0.3082529,-0.0008091174,-1.1626476,-0.8134585,0.1113002,0.00069544266,$\beta_2$-dominated,-0.00029039238796095784,-0.0002903923879606335,-1.174601331128976,-0.5581017099125669,-0.8092517298980555,-0.0711081254900133,-0.00029039238796095784
dataframe000013,70.0,3.0,6.2263985,-0.1969527,-0.3082529,-0.0008091174,-1.1626476,-0.8134585,0.1113002,0.00069544266,$\beta_2$-dominated,-0.00029039238796095784,-0.0002903923879606335,-1.174601331128976,-0.5581017099125669,-0.8092517298980555,-0.0711081254900133,-0.00029039238796095784
dataframe000013,70.0,3.0,6.2263985,-0.1969527,-0.31564274,-0.0008091174,-1.1626476,-0.8282382,0.11869004,0.00069544266,$\beta_2$-dominated,-0.00028955982251404016,-0.00028955982251382685,-1.1868070561219453,-0.5752802719950587,-0.806113192757329,-0.07039996487553643,-0.00028955982251404016
dataframe000013,70.0,3.0,6.2263985,-0.1969527,-0.0060876054,-0.0008091174,-1.1626476,-0.20912792,-0.1908651,0.00069544266,$\beta_2$-dominated,-0.00032444357301513144,-0.0003244435730148071,-0.6755181599617316,0.1443171320885891,-0.9375842138427047,-0.10006429044213677,-0.00032444357301513144
dataframe000013,70.0,3.0,6.2263985,-0.1969527,-0.3082529,-0.0008091174,-1.1626476,-0.8134585,0.1113002,0.00069544266,$\beta_2$-dominated,-0.00029039238796095784,-0.0002903923879606335,-1.174601331128976,-0.5581017099125669,-0.8092517298980555,-0.0711081254900133,-0.00029039238796095784
dataframe000013,100.0,3.2,5.4723487,-0.4180071,-0.7389191,-1.064004,0.0005055835,-1.8958453,0.32091197,0.99952507,$\alpha_2$-dominated,0.000443085929695192,0.0004430859296953044,0.4816886288690408,-3.017311621297466,-0.08618391985217982,-0.22046626074144637,0.000443085929695192
dataframe000013,100.0,3.2,5.4723487,-0.4180071,0.34696048,-1.064004,0.0005055835,0.27591386,-0.76496756,0.99952507,$\alpha_2$-dominated,0.0003207961211161018,0.00032079612111610313,2.275224212641981,-0.4930566065389539,-0.5473673743450578,-0.32452493937752613,0.0003207961211161018
dataframe000013,100.0,3.2,5.4723487,-0.4180071,-0.7389191,-1.064004,0.0005055835,-1.8958453,0.32091197,0.99952507,$\alpha_2$-dominated,0.000443085929695192,0.0004430859296953044,0.4816886288690408,-3.017311621297466,-0.08618391985217982,-0.22046626074144637,0.000443085929695192
dataframe000013,100.0,3.2,5.4723487,-0.4180071,0.66873163,-1.064004,0.0005055835,0.9194561,-1.0867387,0.99952507,$\alpha_2$-dominated,0.0002845278811382804,0.0002845278811385038,2.806690142184227,0.25493832378062287,-0.6840266416320089,-0.35535990588960065,0.0002845278811382804
dataframe000013,100.0,3.2,5.4723487,-0.4180071,0.07555685,-1.064004,0.0005055835,-0.2668934,-0.49356395,0.99952507,$\alpha_2$-dominated,0.00035135701059160784,0.0003513570105917757,1.826949776279324,-1.1239663058186327,-0.4320996542197281,-0.29851661801062335,0.00035135701059160784
dataframe000014,50.0,2.4,8.593565,-0.3838101,0.11692312,0.0033654997,-1.3807503,-0.14996386,-0.50073326,0.0024315158,$\beta_2$-dominated,0.0012880032210050355,0.0012880032210050157,-0.8967343210813548,1.0740437843177535,0.32962149303932486,-0.39176298495425743,0.0012880032210050355
dataframe000014,50.0,2.4,8.593565,-0.3838101,0.7695227,0.0033654997,-1.3807503,1.1552353,-1.1533328,0.0024315158,$\beta_2$-dominated,0.0012144790850831591,0.0012144790850832504,0.18115737704917453,2.5910884060181276,0.05245621771056549,-0.45430088808801544,0.0012144790850831591
dataframe000014,50.0,2.4,8.593565,-0.3838101,0.7695227,0.0033654997,-1.3807503,1.1552353,-1.1533328,0.0024315158,$\beta_2$-dominated,0.0012144790850831591,0.0012144790850832504,0.18115737704917453,2.5910884060181276,0.05245621771056549,-0.45430088808801544,0.0012144790850831591
dataframe000014,50.0,2.4,8.593565,-0.3838101,0.7695227,0.0033654997,-1.3807503,1.1552353,-1.1533328,0.0024315158,$\beta_2$-dominated,0.0012144790850831591,0.0012144790850832504,0.18115737704917453,2.5910884060181276,0.05245621771056549,-0.45430088808801544,0.0012144790850831591
dataframe000014,50.0,2.4,8.593565,-0.3838101,0.11692312,0.0033654997,-1.3807503,-0.14996386,-0.50073326,0.0024315158,$\beta_2$-dominated,0.0012880032210050355,0.0012880032210050157,-0.8967343210813548,1.0740437843177535,0.32962149303932486,-0.39176298495425743,0.0012880032210050355
dataframe000014,100.0,2.2,7.204122,-0.16938175,0.15553322,0.0010134408,-1.4622018,0.1416847,-0.324915,0.00069261226,$\beta_2$-dominated,0.0004056449403751765,0.0004056449403752881,-0.8454903516692585,0.8684682801513901,-0.6206125468502938,-0.4992565428953491,0.0004056449403751765
dataframe000014,100.0,2.2,7.204122,-0.16938175,-0.8461685,0.0010134408,-1.4622018,-1.8617188,0.6767868,0.00069261226,$\beta_2$-dominated,0.0005185411046212112,0.0005185411046215448,-2.4999903716380283,-1.4601054998168,-0.19518026377319886,-0.40326458363794615,0.0005185411046212112
dataframe000014,100.0,2.2,7.204122,-0.16938175,0.15553322,0.0010134408,-1.4622018,0.1416847,-0.324915,0.00069261226,$\beta_2$-dominated,0.0004056449403751765,0.0004056449403752881,-0.8454903516692585,0.8684682801513901,-0.6206125468502938,-0.4992565428953491,0.0004056449403751765
dataframe000014,100.0,2.2,7.204122,-0.16938175,-0.8461685,0.0010134408,-1.4622018,-1.8617188,0.6767868,0.00069261226,$\beta_2$-dominated,0.0005185411046212112,0.0005185411046215448,-2.4999903716380283,-1.4601054998168,-0.19518026377319886,-0.40326458363794615,0.0005185411046212112
dataframe000014,100.0,2.2,7.204122,-0.16938175,0.065883145,0.0010134408,-1.4622018,-0.037615463,-0.2352649,0.00069261226,$\beta_2$-dominated,0.0004157616161174209,0.0004157616161175325,-0.9935644381247036,0.6600660886639037,-0.5825373079330326,-0.49066548269298976,0.0004157616161174209
dataframe000016,70.0,2.0,6.667324,-0.31072906,-0.18512689,-0.0016128724,-1.0453187,-0.6809828,-0.12560217,0.0015405709,$\beta_2$-dominated,-0.0006522511404743771,-0.0006522511404741744,-0.8515616460904922,-0.21523429613572848,-0.49510166796851474,0.06506682595772138,-0.0006522511404743771
dataframe000016,70.0,2.0,6.667324,-0.31072906,-0.18512689,-0.0016128724,-1.0453187,-0.6809828,-0.12560217,0.0015405709,$\beta_2$-dominated,-0.0006522511404743771,-0.0006522511404741744,-0.8515616460904922,-0.21523429613572848,-0.49510166796851474,0.06506682595772138,-0.0006522511404743771
dataframe000016,70.0,2.0,6.667324,-0.31072906,0.46964556,-0.0016128724,-1.0453187,0.6285621,-0.78037465,0.0015405709,$\beta_2$-dominated,-0.0007260364676422739,-0.0007260364676420156,0.22991900056587875,1.3068614737219904,-0.7731897826695461,0.0023207062558770033,-0.0007260364676422739
dataframe000016,70.0,2.0,6.667324,-0.31072906,-0.18512689,-0.0016128724,-1.0453187,-0.6809828,-0.12560217,0.0015405709,$\beta_2$-dominated,-0.0006522511404743771,-0.0006522511404741744,-0.8515616460904922,-0.21523429613572848,-0.49510166796851474,0.06506682595772138,-0.0006522511404743771
dataframe000016,70.0,2.0,6.667324,-0.31072906,-0.18512689,-0.0016128724,-1.0453187,-0.6809828,-0.12560217,0.0015405709,$\beta_2$-dominated,-0.0006522511404743771,-0.0006522511404741744,-0.8515616460904922,-0.21523429613572848,-0.49510166796851474,0.06506682595772138,-0.0006522511404743771
dataframe000014,80.0,2.2,7.741046,-0.6251415,0.11828401,0.0019409459,-0.684932,-0.38857347,-0.7434255,0.0028257712,$\beta_2$-dominated,0.0007131921744860979,0.0007131921744862534,0.028950122210621893,0.6023455345956572,0.3233033119864129,0.4993787798631439,0.0007131921744860979
dataframe000014,80.0,2.2,7.741046,-0.6251415,0.11828401,0.0019409459,-0.684932,-0.38857347,-0.7434255,0.0028257712,$\beta_2$-dominated,0.0007131921744860979,0.0007131921744862534,0.028950122210621893,0.6023455345956572,0.3233033119864129,0.4993787798631439,0.0007131921744860979
dataframe000014,80.0,2.2,7.741046,-0.6251415,0.11828401,0.0019409459,-0.684932,-0.38857347,-0.7434255,0.0028257712,$\beta_2$-dominated,0.0007131921744860979,0.0007131921744862534,0.028950122210621893,0.6023455345956572,0.3233033119864129,0.4993787798631439,0.0007131921744860979
dataframe000014,80.0,2.2,7.741046,-0.6251415,0.11828401,0.0019409459,-0.684932,-0.38857347,-0.7434255,0.0028257712,$\beta_2$-dominated,0.0007131921744860979,0.0007131921744862534,0.028950122210621893,0.6023455345956572,0.3233033119864129,0.4993787798631439,0.0007131921744860979
dataframe000014,80.0,2.2,7.741046,-0.6251415,0.11828401,0.0019409459,-0.684932,-0.38857347,-0.7434255,0.0028257712,$\beta_2$-dominated,0.0007131921744860979,0.0007131921744862534,0.028950122210621893,0.6023455345956572,0.3233033119864129,0.4993787798631439,0.0007131921744860979
dataframe000014,80.0,2.6,8.201468,-0.59641933,-0.72393334,-1.7149473,0.00096284266,-2.044286,0.127514,0.9994389,$\alpha_2$-dominated,0.0006767212084873463,0.0006767212084876481,0.8678916515335925,-2.846724572863786,1.7009721170475567,-1.2582795942857492,0.0006767212084873463
dataframe000014,80.0,2.6,8.201468,-0.59641933,0.89721,-1.7149473,0.00096284266,1.1980007,-1.4936293,0.9994389,$\alpha_2$-dominated,0.0004940775656409768,0.0004940775656411675,3.545516677271201,0.9218141878212983,1.0124570475160817,-1.4136319870897123,0.0004940775656409768
dataframe000014,80.0,2.6,8.201468,-0.59641933,-0.68113434,-1.7149473,0.00096284266,-1.958688,0.08471501,0.9994389,$\alpha_2$-dominated,0.0006718993248596316,0.0006718993248599333,0.938582293000846,-2.7472332625322915,1.6827949744464776,-1.262380975246573,0.0006718993248596316
dataframe000014,80.0,2.6,8.201468,-0.59641933,-0.930719,-1.7149473,0.00096284266,-2.4578574,0.33429968,0.9994389,$\alpha_2$-dominated,0.0007000184017210308,0.0007000184017212216,0.5263459691354174,-3.327422254686353,1.7887959710241885,-1.2384635489088196,0.0007000184017210308
dataframe000014,80.0,2.6,8.201468,-0.59641933,0.89721,-1.7149473,0.00096284266,1.1980007,-1.4936293,0.9994389,$\alpha_2$-dominated,0.0004940775656409768,0.0004940775656411675,3.545516677271201,0.9218141878212983,1.0124570475160817,-1.4136319870897123,0.0004940775656409768
dataframe000016,90.0,3.0,3.9772427,-0.010342874,-0.021768842,0.0008615567,-0.9735586,-0.053880557,0.011425968,0.00088417367,$\beta_2$-dominated,0.00045388383098394466,0.00045388383098412215,-0.32624380005009895,-0.4928649007985439,-2.2003181658894566,0.15176237679520113,0.00045388383098394466
dataframe000016,90.0,3.0,3.9772427,-0.010342874,-0.021768842,0.0008615567,-0.9735586,-0.053880557,0.011425968,0.00088417367,$\beta_2$-dominated,0.00045388383098394466,0.00045388383098412215,-0.32624380005009895,-0.4928649007985439,-2.2003181658894566,0.15176237679520113,0.00045388383098394466
dataframe000016,90.0,3.0,3.9772427,-0.010342874,-0.021768842,0.0008615567,-0.9735586,-0.053880557,0.011425968,0.00088417367,$\beta_2$-dominated,0.00045388383098394466,0.00045388383098412215,-0.32624380005009895,-0.4928649007985439,-2.2003181658894566,0.15176237679520113,0.00045388383098394466
dataframe000016,90.0,3.0,3.9772427,-0.010342874,-0.021768842,0.0008615567,-0.9735586,-0.053880557,0.011425968,0.00088417367,$\beta_2$-dominated,0.00045388383098394466,0.00045388383098412215,-0.32624380005009895,-0.4928649007985439,-2.2003181658894566,0.15176237679520113,0.00045388383098394466
dataframe000016,90.0,3.0,3.9772427,-0.010342874,-0.021768842,0.0008615567,-0.9735586,-0.053880557,0.011425968,0.00088417367,$\beta_2$-dominated,0.00045388383098394466,0.00045388383098412215,-0.32624380005009895,-0.4928649007985439,-2.2003181658894566,0.15176237679520113,0.00045388383098394466
dataframe000014,60.0,3.0,7.847775,-0.15633279,-0.5296536,-0.0001646857,-1.6492251,-1.2156401,0.37332082,9.9846446e-05,$\beta_2$-dominated,-2.588828659382367e-05,-2.588828659351103e-05,-2.24983991791605,-0.5005508946010804,-0.06718518097151145,-0.6763538536639593,-2.588828659382367e-05
dataframe000014,60.0,3.0,7.847775,-0.15633279,-0.5296536,-0.0001646857,-1.6492251,-1.2156401,0.37332082,9.9846446e-05,$\beta_2$-dominated,-2.588828659382367e-05,-2.588828659351103e-05,-2.24983991791605,-0.5005508946010804,-0.06718518097151145,-0.6763538536639593,-2.588828659382367e-05
dataframe000014,60.0,3.0,7.847775,-0.15633279,-0.5296536,-0.0001646857,-1.6492251,-1.2156401,0.37332082,9.9846446e-05,$\beta_2$-dominated,-2.588828659382367e-05,-2.588828659351103e-05,-2.24983991791605,-0.5005508946010804,-0.06718518097151145,-0.6763538536639593,-2.588828659382367e-05
dataframe000014,60.0,3.0,7.847775,-0.15633279,-0.5296536,-0.0001646857,-1.6492251,-1.2156401,0.37332082,9.9846446e-05,$\beta_2$-dominated,-2.588828659382367e-05,-2.588828659351103e-05,-2.24983991791605,-0.5005508946010804,-0.06718518097151145,-0.6763538536639593,-2.588828659382367e-05
dataframe000014,60.0,3.0,7.847775,-0.15633279,-0.39905524,-0.0001646857,-1.6492251,-0.9544433,0.24272245,9.9846446e-05,$\beta_2$-dominated,-4.056918335309076e-05,-4.056918335288914e-05,-2.034131979133856,-0.19695956186990385,-0.12265158113333686,-0.6888689727750493,-4.056918335309076e-05
dataframe000013,70.0,3.2,7.704323,-0.5204322,-1.0072908,-1.7703155,-0.0003642461,-2.535014,0.48685867,0.99979424,$\alpha_2$-dominated,-0.00036695348638457595,-0.0003669534863843726,0.4749240815148775,-3.6640747967287575,1.5153906466493732,-1.3184532466080419,-0.00036695348638457595
dataframe000013,70.0,3.2,7.704323,-0.5204322,-0.32716528,-1.7703155,-0.0003642461,-1.1747627,-0.1932669,0.99979424,$\alpha_2$-dominated,-0.00044354602707894056,-0.0004435460270787372,1.5982801847871284,-2.083042726005075,1.2265347938655033,-1.3836289559146588,-0.00044354602707894056
dataframe000013,70.0,3.2,7.704323,-0.5204322,0.565819,-1.7703155,-0.0003642461,0.6112059,-1.0862513,0.99979424,$\alpha_2$-dominated,-0.0005442182866794722,-0.0005442182866796019,3.073212808620887,-0.007195411601665645,0.8472758539809456,-1.4692026291303284,-0.0005442182866794722
dataframe000013,70.0,3.2,7.704323,-0.5204322,-0.029694807,-1.7703155,-0.0003642461,-0.57982177,-0.49073738,0.99979424,$\alpha_2$-dominated,-0.0004770600851929664,-0.00047706008519276307,2.0896089785065186,-1.3915375355566446,1.10019623812343,-1.4121352265926324,-0.0004770600851929664
dataframe000013,70.0,3.2,7.704323,-0.5204322,0.41601044,-1.7703155,-0.0003642461,0.3115887,-0.9364426,0.99979424,$\alpha_2$-dominated,-0.000527274785950689,-0.0005272747859504856,2.825775522895182,-0.3554431869523093,0.9109009654005884,-1.4548466716507393,-0.000527274785950689
dataframe000015,50.0,3.2,9.224122,-0.82891154,-0.78747636,0.0009911854,-0.64816785,-2.4038644,-0.041435182,0.0015268761,$\beta_2$-dominated,0.0003615553216885062,0.0003615553216886264,-1.5130481817232464,-1.1705567188960027,1.6677570101553851,0.6280382827319964,0.0003615553216885062
dataframe000015,50.0,3.2,9.224122,-0.82891154,-1.0978836,0.0009911854,-0.64816785,-3.0246787,0.26897204,0.0015268761,$\beta_2$-dominated,0.00039659241613375113,0.00039659241613403785,-2.025744408769648,-1.8921348121129289,1.7995898716041623,0.6577842260575177,0.00039659241613375113
dataframe000015,50.0,3.2,9.224122,-0.82891154,-0.6209521,0.0009911854,-0.64816785,-2.0708158,-0.20795941,0.0015268761,$\beta_2$-dominated,0.00034285966116263695,0.0003428596611628127,-1.2380018562761812,-0.7834514401031157,1.5970325257885234,0.612080406714983,0.00034285966116263695
dataframe000015,50.0,3.2,9.224122,-0.82891154,1.0622132,0.0009911854,-0.64816785,1.2955148,-1.8911247,0.0015268761,$\beta_2$-dominated,0.00015322840754340456,0.00015322840754377457,1.5420641916808326,3.12926470136055,0.882176132562242,0.45078451630769706,0.00015322840754340456
dataframe000015,50.0,3.2,9.224122,-0.82891154,-0.78747636,0.0009911854,-0.64816785,-2.4038644,-0.041435182,0.0015268761,$\beta_2$-dominated,0.0003615553216885062,0.0003615553216886264,-1.5130481817232464,-1.1705567188960027,1.6677570101553851,0.6280382827319964,0.0003615553216885062
dataframe000016,90.0,3.2,7.4912934,-0.041980665,0.338731,7.600388e-05,-1.7887772,0.6354813,-0.38071164,4.248749e-05,$\beta_2$-dominated,2.269679914644842e-05,2.2696799146552238e-05,-0.9677117128231535,1.48962878578245,-0.7661297174445422,-0.9370002884381232,2.269679914644842e-05
dataframe000016,90.0,3.2,7.4912934,-0.041980665,0.338731,7.600388e-05,-1.7887772,0.6354813,-0.38071164,4.248749e-05,$\beta_2$-dominated,2.269679914644842e-05,2.2696799146552238e-05,-0.9677117128231535,1.48962878578245,-0.7661297174445422,-0.9370002884381232,2.269679914644842e-05
dataframe000016,90.0,3.2,7.4912934,-0.041980665,0.338731,7.600388e-05,-1.7887772,0.6354813,-0.38071164,4.248749e-05,$\beta_2$-dominated,2.269679914644842e-05,2.2696799146552238e-05,-0.9677117128231535,1.48962878578245,-0.7661297174445422,-0.9370002884381232,2.269679914644842e-05
dataframe000016,90.0,3.2,7.4912934,-0.041980665,-0.85853195,7.600388e-05,-1.7887772,-1.7590445,0.81655127,4.248749e-05,$\beta_2$-dominated,0.00015758459983249387,0.0001575845998327087,-2.9452179931135745,-1.2935499622275477,-0.2576407165628665,-0.8222678933211655,0.00015758459983249387
dataframe000016,90.0,3.2,7.4912934,-0.041980665,0.55289674,7.600388e-05,-1.7887772,1.0638129,-0.5948774,4.248749e-05,$\beta_2$-dominated,-1.4318615880863705e-06,-1.4318615879825526e-06,-0.6139764017373814,1.9874823754509687,-0.8570879696146222,-0.9575235605423981,-1.4318615880863705e-06
dataframe000016,100.0,2.8,8.068979,-0.4472522,0.89274484,-0.0009340057,-1.1226597,1.3382375,-1.339997,0.00083126646,$\beta_2$-dominated,-0.0005185527807310438,-0.0005185527807309751,0.7438415303632406,2.649982002517347,-0.13161181449674633,-0.1400715582177606,-0.0005185527807310438
dataframe000016,100.0,2.8,8.068979,-0.4472522,0.45447528,-0.0009340057,-1.1226597,0.46169835,-0.9017275,0.00083126646,$\beta_2$-dominated,-0.0004692085785189011,-0.0004692085785188325,0.01995639631275624,1.631172728791152,0.05452548004771323,-0.0980726456350331,-0.0004692085785189011
dataframe000016,100.0,2.8,8.068979,-0.4472522,-0.10489323,-0.0009340057,-1.1226597,-0.6570387,-0.34235898,0.00083126646,$\beta_2$-dominated,-0.00040618817694404745,-0.00040618817694370126,-0.9039465753944484,0.3308546758436111,0.29209463655426676,-0.04446897223275447,-0.00040618817694404745
dataframe000016,100.0,2.8,8.068979,-0.4472522,0.45447528,-0.0009340057,-1.1226597,0.46169835,-0.9017275,0.00083126646,$\beta_2$-dominated,-0.0004692085785189011,-0.0004692085785188325,0.01995639631275624,1.631172728791152,0.05452548004771323,-0.0980726456350331,-0.0004692085785189011
dataframe000016,100.0,2.8,8.068979,-0.4472522,0.89274484,-0.0009340057,-1.1226597,1.3382375,-1.339997,0.00083126646,$\beta_2$-dominated,-0.0005185527807310438,-0.0005185527807309751,0.7438415303632406,2.649982002517347,-0.13161181449674633,-0.1400715582177606,-0.0005185527807310438
dataframe000015,50.0,2.4,5.874357,-0.17568298,-0.052001227,-0.0012404954,-1.1171944,-0.27968544,-0.123681754,0.0011091351,$\beta_2$-dominated,-0.0005014885083637961,-0.0005014885083636281,-0.6721616783217051,-0.06314910156747033,-1.1044652808442232,-0.03710363113529531,-0.0005014885083637961
dataframe000015,50.0,2.4,5.874357,-0.17568298,0.10690986,-0.0012404954,-1.1171944,0.03813675,-0.28259283,0.0011091351,$\beta_2$-dominated,-0.0005193755982852494,-0.0005193755982850815,-0.4096899467692061,0.3062584500303001,-1.1719563477818042,-0.05233191627447615,-0.0005193755982852494
dataframe000015,50.0,2.4,5.874357,-0.17568298,0.10690986,-0.0012404954,-1.1171944,0.03813675,-0.28259283,0.0011091351,$\beta_2$-dominated,-0.0005193755982852494,-0.0005193755982850815,-0.4096899467692061,0.3062584500303001,-1.1719563477818042,-0.05233191627447615,-0.0005193755982852494
dataframe000015,50.0,2.4,5.874357,-0.17568298,-0.052001227,-0.0012404954,-1.1171944,-0.27968544,-0.123681754,0.0011091351,$\beta_2$-dominated,-0.0005014885083637961,-0.0005014885083636281,-0.6721616783217051,-0.06314910156747033,-1.1044652808442232,-0.03710363113529531,-0.0005014885083637961
dataframe000015,50.0,2.4,5.874357,-0.17568298,-0.052001227,-0.0012404954,-1.1171944,-0.27968544,-0.123681754,0.0011091351,$\beta_2$-dominated,-0.0005014885083637961,-0.0005014885083636281,-0.6721616783217051,-0.06314910156747033,-1.1044652808442232,-0.03710363113529531,-0.0005014885083637961
dataframe000014,100.0,2.0,5.069693,-0.26698425,-0.53055423,0.00023969419,-0.73336905,-1.3280927,0.26356998,0.00032673302,$\beta_2$-dominated,0.00021723588214823985,0.00021723588214848282,-0.9344672075297478,-1.5144344813420885,-1.1152065732501946,0.504316381701822,0.00021723588214823985
dataframe000014,100.0,2.0,5.069693,-0.26698425,-0.20165427,0.00023969419,-0.73336905,-0.6702928,-0.065329984,0.00032673302,$\beta_2$-dominated,0.0001801644845540049,0.00018016448455424787,-0.3912266829352128,-0.7498677691563416,-1.2548935184432033,0.4727982681851862,0.0001801644845540049
dataframe000014,100.0,2.0,5.069693,-0.26698425,0.16044454,0.00023969419,-0.73336905,0.05390483,-0.42742878,0.00032673302,$\beta_2$-dominated,0.00013938556006280777,0.0001393855600630785,0.2068480193738036,0.09187358248447328,-1.4086803514138722,0.438098726227743,0.00013938556006280777
dataframe000014,100.0,2.0,5.069693,-0.26698425,-0.53055423,0.00023969419,-0.73336905,-1.3280927,0.26356998,0.00032673302,$\beta_2$-dominated,0.00021723588214823985,0.00021723588214848282,-0.9344672075297478,-1.5144344813420885,-1.1152065732501946,0.504316381701822,0.00021723588214823985
dataframe000014,100.0,2.0,5.069693,-0.26698425,0.21125548,0.00023969419,-0.73336905,0.1555267,-0.47823972,0.00032673302,$\beta_2$-dominated,0.00013366102375249355,0.00013366102375276427,0.29077189127237263,0.20998958497044634,-1.4302602402856068,0.4332295700959114,0.00013366102375249355
dataframe000015,100.0,3.2,6.1111283,-0.066018716,0.10265029,0.00023323957,-1.3956527,0.13928187,-0.16866902,0.00016709071,$\beta_2$-dominated,0.00014806623786058518,0.00014806623786096788,-0.780631551563023,0.46250661598050663,-1.233760230612396,-0.40714048356334814,0.00014806623786058518
dataframe000015,100.0,3.2,6.1111283,-0.066018716,0.10265029,0.00023323957,-1.3956527,0.13928187,-0.16866902,0.00016709071,$\beta_2$-dominated,0.00014806623786058518,0.00014806623786096788,-0.780631551563023,0.46250661598050663,-1.233760230612396,-0.40714048356334814,0.00014806623786058518
dataframe000015,100.0,3.2,6.1111283,-0.066018716,-0.65034574,0.00023323957,-1.3956527,-1.3667102,0.58432704,0.00016709071,$\beta_2$-dominated,0.00023293415965710166,0.00023293415965759537,-2.024347021632074,-1.28792142728067,-0.9139556349617013,-0.3349817157411094,0.00023293415965710166
dataframe000015,100.0,3.2,6.1111283,-0.066018716,0.10265029,0.00023323957,-1.3956527,0.13928187,-0.16866902,0.00016709071,$\beta_2$-dominated,0.00014806623786058518,0.00014806623786096788,-0.780631551563023,0.46250661598050663,-1.233760230612396,-0.40714048356334814,0.00014806623786058518
dataframe000015,100.0,3.2,6.1111283,-0.066018716,-0.13389775,0.00023323957,-1.3956527,-0.3338142,0.067879036,0.00016709071,$\beta_2$-dominated,0.00017473294793004138,0.00017473294793020203,-1.171335413685837,-0.08737718899276897,-1.1332960256307,-0.38447235287759235,0.00017473294793004138
dataframe000014,80.0,2.0,8.746733,-0.29570654,-0.40679663,0.00043591828,-1.5951867,-1.1092998,0.111090094,0.00027319635,$\beta_2$-dominated,0.000197160506009895,0.00019716050601024213,-2.0362724877227434,-0.025041124780315824,0.48612830735688134,-0.6205263381650954,0.000197160506009895
dataframe000014,80.0,2.0,8.746733,-0.29570654,0.08436585,0.00043591828,-1.5951867,-0.12697484,-0.38007239,0.00027319635,$\beta_2$-dominated,0.0001418162419076422,0.00014181624190821138,-1.2250247076725336,1.1167239352244192,0.27752691521022815,-0.6675938960391322,0.0001418162419076422
dataframe000014,80.0,2.0,8.746733,-0.29570654,0.08436585,0.00043591828,-1.5951867,-0.12697484,-0.38007239,0.00027319635,$\beta_2$-dominated,0.0001418162419076422,0.00014181624190821138,-1.2250247076725336,1.1167239352244192,0.27752691521022815,-0.6675938960391322,0.0001418162419076422
dataframe000014,80.0,2.0,8.746733,-0.29570654,0.08436585,0.00043591828,-1.5951867,-0.12697484,-0.38007239,0.00027319635,$\beta_2$-dominated,0.0001418162419076422,0.00014181624190821138,-1.2250247076725336,1.1167239352244192,0.27752691521022815,-0.6675938960391322,0.0001418162419076422
dataframe000014,80.0,2.0,8.746733,-0.29570654,0.0650603,0.00043591828,-1.5951867,-0.16558594,-0.36076683,0.00027319635,$\beta_2$-dominated,0.00014399946531903164,0.00014399946531937877,-1.2569114832556993,1.0718459022190838,0.2857261632841021,-0.6657438707689008,0.00014399946531903164
dataframe000016,50.0,2.2,5.085133,-0.34202704,-0.5420739,-1.1743515,9.076416e-05,-1.4261749,0.20004687,0.99992275,$\alpha_2$-dominated,7.36102148681015e-05,7.361021486833227e-05,0.9207843770976433,-2.7356943536076916,-0.3996702443985321,-0.4131526200309697,7.36102148681015e-05
dataframe000016,50.0,2.2,5.085133,-0.34202704,0.33910665,-1.1743515,9.076416e-05,0.33618626,-0.6811337,0.99992275,$\alpha_2$-dominated,-2.5650264298539214e-05,-2.565026429853049e-05,2.376220835352444,-0.6872862812147182,-0.7739160599879591,-0.4975951988231149,-2.5650264298539214e-05
dataframe000016,50.0,2.2,5.085133,-0.34202704,-0.5420739,-1.1743515,9.076416e-05,-1.4261749,0.20004687,0.99992275,$\alpha_2$-dominated,7.36102148681015e-05,7.361021486833227e-05,0.9207843770976433,-2.7356943536076916,-0.3996702443985321,-0.4131526200309697,7.36102148681015e-05
dataframe000016,50.0,2.2,5.085133,-0.34202704,0.33910665,-1.1743515,9.076416e-05,0.33618626,-0.6811337,0.99992275,$\alpha_2$-dominated,-2.5650264298539214e-05,-2.565026429853049e-05,2.376220835352444,-0.6872862812147182,-0.7739160599879591,-0.4975951988231149,-2.5650264298539214e-05
dataframe000016,50.0,2.2,5.085133,-0.34202704,0.33910665,-1.1743515,9.076416e-05,0.33618626,-0.6811337,0.99992275,$\alpha_2$-dominated,-2.5650264298539214e-05,-2.565026429853049e-05,2.376220835352444,-0.6872862812147182,-0.7739160599879591,-0.4975951988231149,-2.5650264298539214e-05
dataframe000013,80.0,3.0,9.150233,-0.95952183,-0.48093978,0.0020672693,-0.36845812,-1.9214014,-0.47858205,0.005579292,$\beta_2$-dominated,0.0007716385831052744,0.0007716385831054969,-0.6539367887309254,-0.584719563663776,1.7035273414304926,0.9584470009265353,0.0007716385831052744
dataframe000013,80.0,3.0,9.150233,-0.95952183,0.13285223,0.0020672693,-0.36845812,-0.6938174,-1.0923741,0.005579292,$\beta_2$-dominated,0.0007024538705782926,0.0007024538705784596,0.35985688953793127,0.8421123165810682,1.4428440256253596,0.899628002553193,0.0007024538705782926
dataframe000013,80.0,3.0,9.150233,-0.95952183,0.13285223,0.0020672693,-0.36845812,-0.6938174,-1.0923741,0.005579292,$\beta_2$-dominated,0.0007024538705782926,0.0007024538705784596,0.35985688953793127,0.8421123165810682,1.4428440256253596,0.899628002553193,0.0007024538705782926
dataframe000013,80.0,3.0,9.150233,-0.95952183,0.29127488,0.0020672693,-0.36845812,-0.37697208,-1.2507967,0.005579292,$\beta_2$-dominated,0.0006846709692110123,0.0006846709692112348,0.6215218197855761,1.21038437339689,1.3755603860958439,0.884446498038277,0.0006846709692110123
dataframe000013,80.0,3.0,9.150233,-0.95952183,0.13285223,0.0020672693,-0.36845812,-0.6938174,-1.0923741,0.005579292,$\beta_2$-dominated,0.0007024538705782926,0.0007024538705784596,0.35985688953793127,0.8421123165810682,1.4428440256253596,0.899628002553193,0.0007024538705782926
dataframe000015,70.0,2.4,9.587274,-0.9382692,1.0264509,-1.0404447,-0.000780315,1.1146326,-1.96472,0.99925053,$\alpha_2$-dominated,-0.0009762154947329029,-0.0009762154947328446,3.1196315601674125,2.0703939212679447,1.7452401890921336,-0.3643372375146845,-0.0009762154947329029
dataframe000015,70.0,2.4,9.587274,-0.9382692,-1.3097868,-1.0404447,-0.000780315,-3.5578427,0.3715176,0.99925053,$\alpha_2$-dominated,-0.0007130723845316446,-0.0007130723845314199,-0.7391070226643864,-3.3604658222118267,2.737462680108733,-0.1404581022076814,-0.0007130723845316446
dataframe000015,70.0,2.4,9.587274,-0.9382692,-1.2017592,-1.0404447,-0.000780315,-3.3417876,0.26349002,0.99925053,$\alpha_2$-dominated,-0.0007252431468352873,-0.0007252431468350625,-0.5606790345959939,-3.1093429866528925,2.691582335612988,-0.1508102667651463,-0.0007252431468352873
dataframe000015,70.0,2.4,9.587274,-0.9382692,-0.86952597,-1.0404447,-0.000780315,-2.6773212,-0.06874323,0.99925053,$\alpha_2$-dominated,-0.0007627392375409782,-0.000762739237540809,-0.011932990416923398,-2.3370277170672744,2.550479751140593,-0.18264777455465098,-0.0007627392375409782
dataframe000015,70.0,2.4,9.587274,-0.9382692,-1.1576946,-1.0404447,-0.000780315,-3.2536583,0.21942538,0.99925053,$\alpha_2$-dominated,-0.0007302076224303468,-0.0007302076224301221,-0.4878979408457239,-3.0069095352896302,2.6728676614736395,-0.15503293310427613,-0.0007302076224303468
dataframe000014,60.0,2.0,9.061508,-0.39821014,-0.066315316,-0.00056796893,-1.4688984,-0.53084075,-0.33189481,0.00038651374,$\beta_2$-dominated,-0.0002945173015239855,-0.0002945173015239613,-1.3349501983064278,0.7898572118680831,0.6356313117562513,-0.4936279467736183,-0.0002945173015239855
dataframe000014,60.0,2.0,9.061508,-0.39821014,-0.066315316,-0.00056796893,-1.4688984,-0.53084075,-0.33189481,0.00038651374,$\beta_2$-dominated,-0.0002945173015239855,-0.0002945173015239613,-1.3349501983064278,0.7898572118680831,0.6356313117562513,-0.4936279467736183,-0.0002945173015239855
dataframe000014,60.0,2.0,9.061508,-0.39821014,0.017545791,-0.00056796893,-1.4688984,-0.36311856,-0.41575593,0.00038651374,$\beta_2$-dominated,-0.00030398177044512425,-0.00030398177044521104,-1.1964377110354718,0.984802232618619,0.6000147087809392,-0.5016642551723962,-0.00030398177044512425
dataframe000014,60.0,2.0,9.061508,-0.39821014,0.017545791,-0.00056796893,-1.4688984,-0.36311856,-0.41575593,0.00038651374,$\beta_2$-dominated,-0.00030398177044512425,-0.00030398177044521104,-1.1964377110354718,0.984802232618619,0.6000147087809392,-0.5016642551723962,-0.00030398177044512425
dataframe000014,60.0,2.0,9.061508,-0.39821014,-1.0168747,-0.00056796893,-1.4688984,-2.4319594,0.6186645,0.00038651374,$\beta_2$-dominated,-0.00018742398522377473,-0.00018742398522341743,-2.9049788034447124,-1.4198299538014563,1.0393429382321842,-0.4025368872584004,-0.00018742398522377473
dataframe000013,100.0,2.6,7.669692,-0.26737905,0.55017823,-0.0002887976,-1.3825628,0.8329774,-0.8175573,0.00020884207,$\beta_2$-dominated,-0.00016686026952538304,-0.00016686026952540445,-0.12211379482736225,1.862790969742736,-0.43480944733697097,-0.43811043231066255,-0.00016686026952538304
dataframe000013,100.0,2.6,7.669692,-0.26737905,0.55017823,-0.0002887976,-1.3825628,0.8329774,-0.8175573,0.00020884207,$\beta_2$-dominated,-0.00016686026952538304,-0.00016686026952540445,-0.12211379482736225,1.862790969742736,-0.43480944733697097,-0.43811043231066255,-0.00016686026952538304
dataframe000013,100.0,2.6,7.669692,-0.26737905,0.55017823,-0.0002887976,-1.3825628,0.8329774,-0.8175573,0.00020884207,$\beta_2$-dominated,-0.00016686026952538304,-0.00016686026952540445,-0.12211379482736225,1.862790969742736,-0.43480944733697097,-0.43811043231066255,-0.00016686026952538304
dataframe000013,100.0,2.6,7.669692,-0.26737905,0.55017823,-0.0002887976,-1.3825628,0.8329774,-0.8175573,0.00020884207,$\beta_2$-dominated,-0.00016686026952538304,-0.00016686026952540445,-0.12211379482736225,1.862790969742736,-0.43480944733697097,-0.43811043231066255,-0.00016686026952538304
dataframe000013,100.0,2.6,7.669692,-0.26737905,0.55017823,-0.0002887976,-1.3825628,0.8329774,-0.8175573,0.00020884207,$\beta_2$-dominated,-0.00016686026952538304,-0.00016686026952540445,-0.12211379482736225,1.862790969742736,-0.43480944733697097,-0.43811043231066255,-0.00016686026952538304
dataframe000015,100.0,2.4,8.600213,-0.6384942,-0.044809602,0.00073292374,-0.8729791,-0.7281134,-0.5936846,0.0008388619,$\beta_2$-dominated,0.00024505327541410744,0.0002450532754141097,-0.5278100459463339,0.4979015771751421,0.7895600055154022,0.27030256577265893,0.00024505327541410744
dataframe000015,100.0,2.4,8.600213,-0.6384942,-0.044809602,0.00073292374,-0.8729791,-0.7281134,-0.5936846,0.0008388619,$\beta_2$-dominated,0.00024505327541410744,0.0002450532754141097,-0.5278100459463339,0.4979015771751421,0.7895600055154022,0.27030256577265893,0.00024505327541410744
dataframe000015,100.0,2.4,8.600213,-0.6384942,-0.044809602,0.00073292374,-0.8729791,-0.7281134,-0.5936846,0.0008388619,$\beta_2$-dominated,0.00024505327541410744,0.0002450532754141097,-0.5278100459463339,0.4979015771751421,0.7895600055154022,0.27030256577265893,0.00024505327541410744
dataframe000015,100.0,2.4,8.600213,-0.6384942,-0.044809602,0.00073292374,-0.8729791,-0.7281134,-0.5936846,0.0008388619,$\beta_2$-dominated,0.00024505327541410744,0.0002450532754141097,-0.5278100459463339,0.4979015771751421,0.7895600055154022,0.27030256577265893,0.00024505327541410744
dataframe000015,100.0,2.4,8.600213,-0.6384942,-0.11520051,0.00073292374,-0.8729791,-0.86889523,-0.5232937,0.0008388619,$\beta_2$-dominated,0.000253016532374116,0.0002530165323742848,-0.6440739827823144,0.3342695800153867,0.8194556843701402,0.27704803196577754,0.000253016532374116
dataframe000014,70.0,2.4,9.651334,-1.1653689,-1.0459611,-0.16416174,0.0046621673,-3.2572913,-0.11940777,0.9723844,$\alpha_2$-dominated,0.003746416820587873,0.0037464168205882096,-1.0179154207973014,-2.056994587008071,2.5606801337978533,1.224427694844099,0.003746416820587873
dataframe000014,70.0,2.4,9.651334,-1.1653689,0.89817584,-0.16416174,0.0046621673,0.63098276,-2.0635448,0.9723844,$\alpha_2$-dominated,0.00352744913029659,0.0035274491302964826,2.1931947637511002,2.4623810248281885,1.734986528412586,1.038123134152303,0.00352744913029659
dataframe000014,70.0,2.4,9.651334,-1.1653689,0.8628606,-0.16416174,0.0046621673,0.5603523,-2.0282295,0.9723844,$\alpha_2$-dominated,0.0035314934100503467,0.0035314934100503363,2.13486494630275,2.380286582109293,1.7499852114046575,1.0415073172379423,0.0035314934100503467
dataframe000014,70.0,2.4,9.651334,-1.1653689,0.89817584,-0.16416174,0.0046621673,0.63098276,-2.0635448,0.9723844,$\alpha_2$-dominated,0.00352744913029659,0.0035274491302964826,2.1931947637511002,2.4623810248281885,1.734986528412586,1.038123134152303,0.00352744913029659
dataframe000014,70.0,2.4,9.651334,-1.1653689,0.6555482,-0.16416174,0.0046621673,0.14572752,-1.8209171,0.9723844,$\alpha_2$-dominated,0.00355478440126047,0.0035547844012604178,1.7924493314027539,1.8983645249613998,1.8380327976121857,1.0613738736031806,0.00355478440126047
dataframe000016,70.0,2.2,5.5973763,-0.09275132,-0.0089436965,2.9024879e-05,-1.2137727,-0.11063871,-0.08380762,2.3912375e-05,$\beta_2$-dominated,6.569778660613824e-05,6.569778660632065e-05,-0.7055269510390575,0.010873675595304617,-1.3706236042135107,-0.16246422706569832,6.569778660613824e-05
dataframe000016,70.0,2.2,5.5973763,-0.09275132,-0.0089436965,2.9024879e-05,-1.2137727,-0.11063871,-0.08380762,2.3912375e-05,$\beta_2$-dominated,6.569778660613824e-05,6.569778660632065e-05,-0.7055269510390575,0.010873675595304617,-1.3706236042135107,-0.16246422706569832,6.569778660613824e-05
dataframe000016,70.0,2.2,5.5973763,-0.09275132,-0.6359246,2.9024879e-05,-1.2137727,-1.3646004,0.54317325,2.3912375e-05,$\beta_2$-dominated,0.0001363520150367493,0.00013635201503687622,-1.7411045035266401,-1.4466172343781207,-1.1043388494936353,-0.10238134640878424,0.0001363520150367493
dataframe000016,70.0,2.2,5.5973763,-0.09275132,-0.0089436965,2.9024879e-05,-1.2137727,-0.11063871,-0.08380762,2.3912375e-05,$\beta_2$-dominated,6.569778660613824e-05,6.569778660632065e-05,-0.7055269510390575,0.010873675595304617,-1.3706236042135107,-0.16246422706569832,6.569778660613824e-05
dataframe000016,70.0,2.2,5.5973763,-0.09275132,-0.0089436965,2.9024879e-05,-1.2137727,-0.11063871,-0.08380762,2.3912375e-05,$\beta_2$-dominated,6.569778660613824e-05,6.569778660632065e-05,-0.7055269510390575,0.010873675595304617,-1.3706236042135107,-0.16246422706569832,6.569778660613824e-05
dataframe000016,60.0,2.0,6.095236,-0.05824023,0.035013303,0.00079365534,-1.407268,0.011786375,-0.09325354,0.000563651,$\beta_2$-dominated,0.0003620254465585723,0.0003620254465586425,-0.9063837120763854,0.30650829077139197,-1.22402802323949,-0.4147196695195636,0.0003620254465585723
dataframe000016,60.0,2.0,6.095236,-0.05824023,0.035013303,0.00079365534,-1.407268,0.011786375,-0.09325354,0.000563651,$\beta_2$-dominated,0.0003620254465585723,0.0003620254465586425,-0.9063837120763854,0.30650829077139197,-1.22402802323949,-0.4147196695195636,0.0003620254465585723
dataframe000016,60.0,2.0,6.095236,-0.05824023,0.035013303,0.00079365534,-1.407268,0.011786375,-0.09325354,0.000563651,$\beta_2$-dominated,0.0003620254465585723,0.0003620254465586425,-0.9063837120763854,0.30650829077139197,-1.22402802323949,-0.4147196695195636,0.0003620254465585723
dataframe000016,60.0,2.0,6.095236,-0.05824023,0.035013303,0.00079365534,-1.407268,0.011786375,-0.09325354,0.000563651,$\beta_2$-dominated,0.0003620254465585723,0.0003620254465586425,-0.9063837120763854,0.30650829077139197,-1.22402802323949,-0.4147196695195636,0.0003620254465585723
dataframe000016,60.0,2.0,6.095236,-0.05824023,0.035013303,0.00079365534,-1.407268,0.011786375,-0.09325354,0.000563651,$\beta_2$-dominated,0.0003620254465585723,0.0003620254465586425,-0.9063837120763854,0.30650829077139197,-1.22402802323949,-0.4147196695195636,0.0003620254465585723
dataframe000013,90.0,3.2,8.084839,-0.68414366,-0.5845026,-1.3056475,-6.5624067e-06,-1.8531488,-0.099641085,0.999995,$\alpha_2$-dominated,-7.985005671954382e-05,-7.985005671922224e-05,0.7701947951922248,-2.2325281402374744,1.5183212284494674,-0.6248021011595756,-7.985005671954382e-05
dataframe000013,90.0,3.2,8.084839,-0.68414366,0.5052977,-1.3056475,-6.5624067e-06,0.32645178,-1.1894414,0.999995,$\alpha_2$-dominated,-0.00020269629058770067,-0.00020269629058737912,2.570206285683347,0.3008411563338382,1.055472653597948,-0.7292364360809706,-0.00020269629058770067
dataframe000013,90.0,3.2,8.084839,-0.68414366,0.1839276,-1.3056475,-6.5624067e-06,-0.31628847,-0.86807126,0.999995,$\alpha_2$-dominated,-0.00016642407061887588,-0.00016642407061866535,2.0394026503525566,-0.44622163668957887,1.1919615902455016,-0.6984399239949174,-0.00016642407061887588
dataframe000013,90.0,3.2,8.084839,-0.68414366,0.1839276,-1.3056475,-6.5624067e-06,-0.31628847,-0.86807126,0.999995,$\alpha_2$-dominated,-0.00016642407061887588,-0.00016642407061866535,2.0394026503525566,-0.44622163668957887,1.1919615902455016,-0.6984399239949174,-0.00016642407061887588
dataframe000013,90.0,3.2,8.084839,-0.68414366,0.1839276,-1.3056475,-6.5624067e-06,-0.31628847,-0.86807126,0.999995,$\alpha_2$-dominated,-0.00016642407061887588,-0.00016642407061866535,2.0394026503525566,-0.44622163668957887,1.1919615902455016,-0.6984399239949174,-0.00016642407061887588
dataframe000014,70.0,2.2,6.152451,-0.05245385,-0.0012497387,0.0009596274,-1.433138,-0.054953326,-0.05120411,0.0006691507,$\beta_2$-dominated,0.0004393903549779583,0.00043939035497834187,-1.0023187176155735,0.2459242714591213,-1.192427406470023,-0.4443004686834258,0.0004393903549779583
dataframe000014,70.0,2.2,6.152451,-0.05245385,-0.0012497387,0.0009596274,-1.433138,-0.054953326,-0.05120411,0.0006691507,$\beta_2$-dominated,0.0004393903549779583,0.00043939035497834187,-1.0023187176155735,0.2459242714591213,-1.192427406470023,-0.4443004686834258,0.0004393903549779583
dataframe000014,70.0,2.2,6.152451,-0.05245385,0.65267056,0.0009596274,-1.433138,1.2528872,-0.70512444,0.0006691507,$\beta_2$-dominated,0.00036567440901545353,0.0003656744090156151,0.0777544263158216,1.7660390894432174,-1.470153584281349,-0.5069649111838151,0.00036567440901545353
dataframe000014,70.0,2.2,6.152451,-0.05245385,-0.0012497387,0.0009596274,-1.433138,-0.054953326,-0.05120411,0.0006691507,$\beta_2$-dominated,0.0004393903549779583,0.00043939035497834187,-1.0023187176155735,0.2459242714591213,-1.192427406470023,-0.4443004686834258,0.0004393903549779583
dataframe000014,70.0,2.2,6.152451,-0.05245385,-0.0012497387,0.0009596274,-1.433138,-0.054953326,-0.05120411,0.0006691507,$\beta_2$-dominated,0.0004393903549779583,0.00043939035497834187,-1.0023187176155735,0.2459242714591213,-1.192427406470023,-0.4443004686834258,0.0004393903549779583
dataframe000015,100.0,2.6,4.1272616,-0.2263673,0.29415604,-1.1579336,0.00023359088,0.3619448,-0.5205233,0.99979824,$\alpha_2$-dominated,0.0001828476008793696,0.00018284760087957527,2.3486077434762427,-1.003773717317935,-1.3584179155773757,-0.4646919850713858,0.0001828476008793696
dataframe000015,100.0,2.6,4.1272616,-0.2263673,0.29415604,-1.1579336,0.00023359088,0.3619448,-0.5205233,0.99979824,$\alpha_2$-dominated,0.0001828476008793696,0.00018284760087957527,2.3486077434762427,-1.003773717317935,-1.3584179155773757,-0.4646919850713858,0.0001828476008793696
dataframe000015,100.0,2.6,4.1272616,-0.2263673,-0.07234353,-1.1579336,0.00023359088,-0.37105435,-0.15402377,0.99979824,$\alpha_2$-dominated,0.0002241059440708333,0.00022410594407115,1.7432643671931518,-1.8557451386144,-1.202762031165807,-0.42957071425676935,0.0002241059440708333
dataframe000015,100.0,2.6,4.1272616,-0.2263673,0.33840165,-1.1579336,0.00023359088,0.450436,-0.5647689,0.99979824,$\alpha_2$-dominated,0.00017786273773543872,0.0001778627377356444,2.4216877264198464,-0.9009196038009355,-1.3772094450313228,-0.46893199258073986,0.00017786273773543872
dataframe000015,100.0,2.6,4.1272616,-0.2263673,0.4778913,-1.1579336,0.00023359088,0.7294153,-0.70425856,0.99979824,$\alpha_2$-dominated,0.0001621473489091625,0.0001621473489094237,2.6520812827175546,-0.5766594707448448,-1.4364520327383983,-0.4822991332047724,0.0001621473489091625
dataframe000015,80.0,3.0,6.1429114,-0.50347924,-0.02405835,-0.000930051,-0.5286828,-0.5515959,-0.4794209,0.0017560959,$\beta_2$-dominated,-0.00037235755913558893,-0.00037235755913521006,0.09164628387089525,-0.16675893716592582,-0.5001813935413174,0.7134396793310851,-0.00037235755913558893
dataframe000015,80.0,3.0,6.1429114,-0.50347924,-0.02405835,-0.000930051,-0.5286828,-0.5515959,-0.4794209,0.0017560959,$\beta_2$-dominated,-0.00037235755913558893,-0.00037235755913521006,0.09164628387089525,-0.16675893716592582,-0.5001813935413174,0.7134396793310851,-0.00037235755913558893
dataframe000015,80.0,3.0,6.1429114,-0.50347924,0.14956073,-0.000930051,-0.5286828,-0.20435777,-0.65304,0.0017560959,$\beta_2$-dominated,-0.0003919344739018728,-0.00039193447390166046,0.37841105983074225,0.23683908425278866,-0.573919067941376,0.6968019620101829,-0.0003919344739018728
dataframe000015,80.0,3.0,6.1429114,-0.50347924,-0.48895076,-0.000930051,-0.5286828,-1.4813807,-0.014528483,0.0017560959,$\beta_2$-dominated,-0.000319948394691655,-0.00031994839469122054,-0.6762115015985711,-1.2474561138023432,-0.30273716711704773,0.7579897905168947,-0.000319948394691655
dataframe000015,80.0,3.0,6.1429114,-0.50347924,-0.02405835,-0.000930051,-0.5286828,-0.5515959,-0.4794209,0.0017560959,$\beta_2$-dominated,-0.00037235755913558893,-0.00037235755913521006,0.09164628387089525,-0.16675893716592582,-0.5001813935413174,0.7134396793310851,-0.00037235755913558893
dataframe000016,70.0,2.6,3.6046505,-0.4506539,-0.053111427,0.0011540223,0.00021071712,-0.5568768,-0.39754248,0.84559906,$\alpha_2$-dominated,0.0005355785667415226,0.0005355785667417092,0.8607886186342344,-1.0363334842542997,-1.6804890581325327,1.4029839287109007,0.0005355785667415226
dataframe000016,70.0,2.6,3.6046505,-0.4506539,-0.053111427,0.0011540223,0.00021071712,-0.5568768,-0.39754248,0.84559906,$\alpha_2$-dominated,0.0005355785667415226,0.0005355785667417092,0.8607886186342344,-1.0363334842542997,-1.6804890581325327,1.4029839287109007,0.0005355785667415226
dataframe000016,70.0,2.6,3.6046505,-0.4506539,-0.053111427,0.0011540223,0.00021071712,-0.5568768,-0.39754248,0.84559906,$\alpha_2$-dominated,0.0005355785667415226,0.0005355785667417092,0.8607886186342344,-1.0363334842542997,-1.6804890581325327,1.4029839287109007,0.0005355785667415226
dataframe000016,70.0,2.6,3.6046505,-0.4506539,-0.053111427,0.0011540223,0.00021071712,-0.5568768,-0.39754248,0.84559906,$\alpha_2$-dominated,0.0005355785667415226,0.0005355785667417092,0.8607886186342344,-1.0363334842542997,-1.6804890581325327,1.4029839287109007,0.0005355785667415226
dataframe000016,70.0,2.6,3.6046505,-0.4506539,-0.053111427,0.0011540223,0.00021071712,-0.5568768,-0.39754248,0.84559906,$\alpha_2$-dominated,0.0005355785667415226,0.0005355785667417092,0.8607886186342344,-1.0363334842542997,-1.6804890581325327,1.4029839287109007,0.0005355785667415226
dataframe000014,80.0,3.2,6.3518705,-0.5434776,0.0346352,-0.0020180424,-0.50092524,-0.4742072,-0.5781128,0.004012465,$\beta_2$-dominated,-0.0008363057672183064,-0.0008363057672182148,0.21121800578811772,0.007014361836051289,-0.37238402336998677,0.7413361722918315,-0.0008363057672183064
dataframe000014,80.0,3.2,6.3518705,-0.5434776,0.34442127,-0.0020180424,-0.50092524,0.14536494,-0.88789886,0.004012465,$\beta_2$-dominated,-0.0008712237282838346,-0.000871223728283743,0.7228883347247363,0.7271485993938409,-0.5039531196298556,0.711649721308076,-0.0008712237282838346
dataframe000014,80.0,3.2,6.3518705,-0.5434776,0.0346352,-0.0020180424,-0.50092524,-0.4742072,-0.5781128,0.004012465,$\beta_2$-dominated,-0.0008363057672183064,-0.0008363057672182148,0.21121800578811772,0.007014361836051289,-0.37238402336998677,0.7413361722918315,-0.0008363057672183064
dataframe000014,80.0,3.2,6.3518705,-0.5434776,0.0346352,-0.0020180424,-0.50092524,-0.4742072,-0.5781128,0.004012465,$\beta_2$-dominated,-0.0008363057672183064,-0.0008363057672182148,0.21121800578811772,0.007014361836051289,-0.37238402336998677,0.7413361722918315,-0.0008363057672183064
dataframe000014,80.0,3.2,6.3518705,-0.5434776,0.0346352,-0.0020180424,-0.50092524,-0.4742072,-0.5781128,0.004012465,$\beta_2$-dominated,-0.0008363057672183064,-0.0008363057672182148,0.21121800578811772,0.007014361836051289,-0.37238402336998677,0.7413361722918315,-0.0008363057672183064
dataframe000014,50.0,3.0,3.1827323,-0.17630388,0.10003476,-0.886046,0.00024226667,0.023765638,-0.27633864,0.9997266,$\alpha_2$-dominated,0.00020746699011526797,0.00020746699011549817,1.8649972972411015,-1.466023854123804,-1.90229046803357,-0.01353744425976087,0.00020746699011526797
dataframe000014,50.0,3.0,3.1827323,-0.17630388,0.24694693,-0.886046,0.00024226667,0.31759,-0.4232508,0.9997266,$\alpha_2$-dominated,0.0001909399326700088,0.0001909399326702945,2.107650544305547,-1.124509200447104,-1.9646854847694986,-0.02761589100351889,0.0001909399326700088
dataframe000014,50.0,3.0,3.1827323,-0.17630388,0.24694693,-0.886046,0.00024226667,0.31759,-0.4232508,0.9997266,$\alpha_2$-dominated,0.0001909399326700088,0.0001909399326702945,2.107650544305547,-1.124509200447104,-1.9646854847694986,-0.02761589100351889,0.0001909399326700088
dataframe000014,50.0,3.0,3.1827323,-0.17630388,-0.4724973,-0.886046,0.00024226667,-1.1212986,0.29619342,0.9997266,$\alpha_2$-dominated,0.0002719294801690307,0.0002719294801693164,0.9193522265626534,-2.7969421476619862,-1.659130599233188,0.04132770215925532,0.0002719294801690307
dataframe000016,90.0,2.6,7.4260674,-0.84037733,0.110693365,-0.0005597588,-0.1756491,-0.6189906,-0.95107067,0.0031766777,$\beta_2$-dominated,-0.00027981370234657403,-0.0002798137023464136,0.6743498696177573,0.30860120297508015,0.5168755042125532,1.1496391725909838,-0.00027981370234657403
dataframe000016,90.0,2.6,7.4260674,-0.84037733,0.110693365,-0.0005597588,-0.1756491,-0.6189906,-0.95107067,0.0031766777,$\beta_2$-dominated,-0.00027981370234657403,-0.0002798137023464136,0.6743498696177573,0.30860120297508015,0.5168755042125532,1.1496391725909838,-0.00027981370234657403
dataframe000016,90.0,2.6,7.4260674,-0.84037733,0.110693365,-0.0005597588,-0.1756491,-0.6189906,-0.95107067,0.0031766777,$\beta_2$-dominated,-0.00027981370234657403,-0.0002798137023464136,0.6743498696177573,0.30860120297508015,0.5168755042125532,1.1496391725909838,-0.00027981370234657403
dataframe000016,90.0,2.6,7.4260674,-0.84037733,0.110693365,-0.0005597588,-0.1756491,-0.6189906,-0.95107067,0.0031766777,$\beta_2$-dominated,-0.00027981370234657403,-0.0002798137023464136,0.6743498696177573,0.30860120297508015,0.5168755042125532,1.1496391725909838,-0.00027981370234657403
dataframe000016,90.0,2.6,7.4260674,-0.84037733,0.110693365,-0.0005597588,-0.1756491,-0.6189906,-0.95107067,0.0031766777,$\beta_2$-dominated,-0.00027981370234657403,-0.0002798137023464136,0.6743498696177573,0.30860120297508015,0.5168755042125532,1.1496391725909838,-0.00027981370234657403
dataframe000015,70.0,2.6,4.411376,-0.52804095,-0.18448733,-0.0005065452,-0.04668448,-0.8970156,-0.3435536,0.01073393,$\beta_2$-dominated,-0.00015118987079133236,-0.00015118987079116458,0.5363704107974107,-1.135223974512397,-1.1531159110156028,1.3511444572906341,-0.00015118987079133236
dataframe000015,70.0,2.6,4.411376,-0.52804095,-0.18448733,-0.0005065452,-0.04668448,-0.8970156,-0.3435536,0.01073393,$\beta_2$-dominated,-0.00015118987079133236,-0.00015118987079116458,0.5363704107974107,-1.135223974512397,-1.1531159110156028,1.3511444572906341,-0.00015118987079133236
dataframe000015,70.0,2.6,4.411376,-0.52804095,-0.18448733,-0.0005065452,-0.04668448,-0.8970156,-0.3435536,0.01073393,$\beta_2$-dominated,-0.00015118987079133236,-0.00015118987079116458,0.5363704107974107,-1.135223974512397,-1.1531159110156028,1.3511444572906341,-0.00015118987079133236
dataframe000015,70.0,2.6,4.411376,-0.52804095,-0.18448733,-0.0005065452,-0.04668448,-0.8970156,-0.3435536,0.01073393,$\beta_2$-dominated,-0.00015118987079133236,-0.00015118987079116458,0.5363704107974107,-1.135223974512397,-1.1531159110156028,1.3511444572906341,-0.00015118987079133236
dataframe000015,70.0,2.6,4.411376,-0.52804095,0.27836624,-0.0005065452,-0.04668448,0.02869153,-0.8064072,0.01073393,$\beta_2$-dominated,-0.00020340210524828214,-0.00020340210524820456,1.3008606997635244,-0.05926628260861496,-1.349694210822578,1.306789743268297,-0.00020340210524828214
dataframe000014,50.0,2.0,8.76222,-0.100836754,0.8617963,-0.0012645953,-1.9888206,1.6227559,-0.9626331,0.00063544785,$\beta_2$-dominated,-0.0006436886305977177,-0.0006436886305972682,-0.43174162026854107,3.081440861479861,-0.34172750427953863,-1.2484324193149792,-0.0006436886305977177
dataframe000014,50.0,2.0,8.76222,-0.100836754,0.9881641,-0.0012645953,-1.9888206,1.8754915,-1.0890009,0.00063544785,$\beta_2$-dominated,-0.000657991211783561,-0.0006579912117831115,-0.22302121594974508,3.375197785097226,-0.3953970931604808,-1.2605420726591285,-0.000657991211783561
dataframe000014,50.0,2.0,8.76222,-0.100836754,-0.73569846,-0.0012645953,-1.9888206,-1.5722337,0.6348617,0.00063544785,$\beta_2$-dominated,-0.00046370931671335804,-0.0004637093167129085,-3.0703065736480024,-0.6321240342084644,0.33674379580062364,-1.0953462421482347,-0.00046370931671335804
dataframe000014,50.0,2.0,8.76222,-0.100836754,-0.9087944,-0.0012645953,-1.9888206,-1.9184256,0.80795765,0.00063544785,$\beta_2$-dominated,-0.00044420772637010644,-0.0004442077263694348,-3.356207279150314,-1.0345059510326364,0.41025929637890046,-1.0787586474412834,-0.00044420772637010644
dataframe000014,50.0,2.0,8.76222,-0.100836754,-1.0473125,-0.0012645953,-1.9888206,-2.1954618,0.94647574,0.00063544785,$\beta_2$-dominated,-0.0004286017963867087,-0.00042860179638581507,-3.5849961273283473,-1.3565075883357924,0.4690892550912602,-1.065484609938019,-0.0004286017963867087
dataframe000013,50.0,3.0,7.786768,-0.455239,0.6117188,0.00024817858,-1.0361474,0.76819855,-1.0669577,0.00023946319,$\beta_2$-dominated,-5.547748942116426e-06,-5.547748941865942e-06,0.4042099190290648,1.8972642528829207,-0.12410469967851917,-2.099957124733065e-05,-5.547748942116426e-06
dataframe000013,50.0,3.0,7.786768,-0.455239,-0.27556977,0.00024817858,-1.0361474,-1.0063785,-0.17966923,0.00023946319,$\beta_2$-dominated,9.435171684830422e-05,9.435171684827714e-05,-1.0613149676908418,-0.16534247170536903,0.2527352495169949,0.0850069259477902,9.435171684830422e-05
dataframe000013,50.0,3.0,7.786768,-0.455239,0.6117188,0.00024817858,-1.0361474,0.76819855,-1.0669577,0.00023946319,$\beta_2$-dominated,-5.547748942116426e-06,-5.547748941865942e-06,0.4042099190290648,1.8972642528829207,-0.12410469967851917,-2.099957124733065e-05,-5.547748942116426e-06
dataframe000013,50.0,3.0,7.786768,-0.455239,-0.27556977,0.00024817858,-1.0361474,-1.0063785,-0.17966923,0.00023946319,$\beta_2$-dominated,9.435171684830422e-05,9.435171684827714e-05,-1.0613149676908418,-0.16534247170536903,0.2527352495169949,0.0850069259477902,9.435171684830422e-05
dataframe000013,50.0,3.0,7.786768,-0.455239,0.6117188,0.00024817858,-1.0361474,0.76819855,-1.0669577,0.00023946319,$\beta_2$-dominated,-5.547748942116426e-06,-5.547748941865942e-06,0.4042099190290648,1.8972642528829207,-0.12410469967851917,-2.099957124733065e-05,-5.547748942116426e-06
dataframe000016,50.0,2.8,6.999894,-0.09868039,-0.17036957,-0.0009268718,-1.5525542,-0.4394195,0.07168917,0.0005966418,$\beta_2$-dominated,-0.00035071932107524374,-0.0003507193210751525,-1.4819466794506704,0.09724926375664986,-0.678522330422881,-0.5857831306861725,-0.00035071932107524374
dataframe000016,50.0,2.8,6.999894,-0.09868039,-0.11351132,-0.0009268718,-1.5525542,-0.32570302,0.014830925,0.0005966418,$\beta_2$-dominated,-0.00035713336127565244,-0.0003571333612752281,-1.3880345262679248,0.22942295518441708,-0.7026705656626958,-0.5912317893468316,-0.00035713336127565244
dataframe000016,50.0,2.8,6.999894,-0.09868039,-0.72457975,-0.0009268718,-1.5525542,-1.5478399,0.6258994,0.0005966418,$\beta_2$-dominated,-0.00028826368923697855,-0.0002882636892366653,-2.397329698643858,-1.1910776470800384,-0.44314397471445666,-0.5326737837278748,-0.00028826368923697855
dataframe000016,50.0,2.8,6.999894,-0.09868039,-0.72457975,-0.0009268718,-1.5525542,-1.5478399,0.6258994,0.0005966418,$\beta_2$-dominated,-0.00028826368923697855,-0.0002882636892366653,-2.397329698643858,-1.1910776470800384,-0.44314397471445666,-0.5326737837278748,-0.00028826368923697855
dataframe000016,50.0,2.8,6.999894,-0.09868039,-0.11351132,-0.0009268718,-1.5525542,-0.32570302,0.014830925,0.0005966418,$\beta_2$-dominated,-0.00035713336127565244,-0.0003571333612752281,-1.3880345262679248,0.22942295518441708,-0.7026705656626958,-0.5912317893468316,-0.00035713336127565244
dataframe000015,70.0,2.2,7.2915354,-0.25788373,-0.06505499,-0.0012463725,-1.3070356,-0.3879937,-0.19282874,0.00095267885,$\beta_2$-dominated,-0.0005005494018709698,-0.0005005494018704885,-1.019408348483352,0.3135538069771499,-0.3532420747129637,-0.2827228410502766,-0.0005005494018709698
dataframe000015,70.0,2.2,7.2915354,-0.25788373,0.8870845,-0.0012463725,-1.3070356,1.5162852,-1.1449683,0.00095267885,$\beta_2$-dominated,-0.0006079190571337265,-0.0006079190571331897,0.5532302057999273,2.5269142386687204,-0.7576247530443532,-0.3739652685706949,-0.0006079190571337265
dataframe000015,70.0,2.2,7.2915354,-0.25788373,-0.8271532,-0.0012463725,-1.3070356,-1.9121902,0.5692695,0.00095267885,$\beta_2$-dominated,-0.00041472153657121064,-0.0004147215365705074,-2.278157810643301,-1.4580333698585548,-0.02957165042911941,-0.2096917815468278,-0.00041472153657121064
dataframe000015,70.0,2.2,7.2915354,-0.25788373,-0.5302544,-0.0012463725,-1.3070356,-1.3183925,0.2723707,0.00095267885,$\beta_2$-dominated,-0.00044810564708960805,-0.00044810564708918233,-1.787773241408306,-0.767857082028799,-0.15566745246343153,-0.23814330813593457,-0.00044810564708960805
dataframe000015,70.0,2.2,7.2915354,-0.25788373,-0.8271532,-0.0012463725,-1.3070356,-1.9121902,0.5692695,0.00095267885,$\beta_2$-dominated,-0.00041472153657121064,-0.0004147215365705074,-2.278157810643301,-1.4580333698585548,-0.02957165042911941,-0.2096917815468278,-0.00041472153657121064
dataframe000013,90.0,3.0,8.120373,-0.34464505,0.13523825,-0.002833574,-1.3406968,-0.07416856,-0.4798833,0.002109051,$\beta_2$-dominated,-0.0011850322263900694,-0.0011850322263900338,-0.7809468665284317,0.9856880211805478,0.05719045955821617,-0.34936686887058205,-0.0011850322263900694
dataframe000013,90.0,3.0,8.120373,-0.34464505,0.14020485,-0.002833574,-1.3406968,-0.06423536,-0.4848499,0.002109051,$\beta_2$-dominated,-0.0011855753947934357,-0.001185575394793178,-0.772743597747173,0.9972334567752498,0.05508108969988762,-0.34984282172783093,-0.0011855753947934357
dataframe000013,90.0,3.0,8.120373,-0.34464505,-0.52143097,-0.002833574,-1.3406968,-1.387507,0.17678592,0.002109051,$\beta_2$-dominated,-0.0011110168198057648,-0.0011110168198054516,-1.8655603505009233,-0.5408169575201993,0.33608413080130367,-0.28643899559197156,-0.0011110168198057648
dataframe000013,90.0,3.0,8.120373,-0.34464505,-0.131261,-0.002833574,-1.3406968,-0.60716707,-0.21338405,0.002109051,$\beta_2$-dominated,-0.0011549911083714383,-0.0011549911083712917,-1.2211208280819412,0.3661790874429618,0.17037523169246602,-0.323828546038825,-0.0011549911083714383
dataframe000013,90.0,3.0,8.120373,-0.34464505,-0.16928943,-0.002833574,-1.3406968,-0.6832239,-0.17535563,0.002109051,$\beta_2$-dominated,-0.0011507066945227952,-0.0011507066945227041,-1.283931958888188,0.2777775454904638,0.18652626467084213,-0.3201843242483653,-0.0011507066945227952
dataframe000013,70.0,2.2,8.26153,-0.41772038,-0.36772406,-0.0009969237,-1.2298532,-1.1531684,-0.049996316,0.00080994726,$\beta_2$-dominated,-0.00039693146228963837,-0.0003969314622893339,-1.4838822528549462,-0.19281073850511712,0.4431456093855268,-0.15713446465818307,-0.00039693146228963837
dataframe000013,70.0,2.2,8.26153,-0.41772038,0.27112514,-0.0009969237,-1.2298532,0.1245299,-0.6888455,0.00080994726,$\beta_2$-dominated,-0.0004689392023123887,-0.0004689392023120287,-0.42870192157529075,1.2922694791831875,0.17182027537339875,-0.21835466391423813,-0.0004689392023123887
dataframe000013,70.0,2.2,8.26153,-0.41772038,-0.36772406,-0.0009969237,-1.2298532,-1.1531684,-0.049996316,0.00080994726,$\beta_2$-dominated,-0.00039693146228963837,-0.0003969314622893339,-1.4838822528549462,-0.19281073850511712,0.4431456093855268,-0.15713446465818307,-0.00039693146228963837
dataframe000013,70.0,2.2,8.26153,-0.41772038,-0.36772406,-0.0009969237,-1.2298532,-1.1531684,-0.049996316,0.00080994726,$\beta_2$-dominated,-0.00039693146228963837,-0.0003969314622893339,-1.4838822528549462,-0.19281073850511712,0.4431456093855268,-0.15713446465818307,-0.00039693146228963837
dataframe000013,70.0,2.2,8.26153,-0.41772038,-0.36772406,-0.0009969237,-1.2298532,-1.1531684,-0.049996316,0.00080994726,$\beta_2$-dominated,-0.00039693146228963837,-0.0003969314622893339,-1.4838822528549462,-0.19281073850511712,0.4431456093855268,-0.15713446465818307,-0.00039693146228963837
dataframe000015,80.0,2.2,9.628057,-0.75093985,-0.7725101,-2.9184805e-05,-0.9050194,-2.29596,0.021570265,3.224667e-05,$\beta_2$-dominated,1.3001201375539455e-06,1.300120138054972e-06,-1.8333246866226347,-0.9406127069153828,1.7200594246780274,0.295243987652156,1.3001201375539455e-06
dataframe000015,80.0,2.2,9.628057,-0.75093985,-0.042001337,-2.9184805e-05,-0.9050194,-0.8349425,-0.7089385,3.224667e-05,$\beta_2$-dominated,-8.103430287519923e-05,-8.103430287480923e-05,-0.6267512689153164,0.7575409280058785,1.4098054055713114,0.22524015439042605,-8.103430287519923e-05
dataframe000015,80.0,2.2,9.628057,-0.75093985,-0.96637994,-2.9184805e-05,-0.9050194,-2.6836996,0.2154401,3.224667e-05,$\beta_2$-dominated,2.314216885846428e-05,2.314216885896532e-05,-2.1535373989675235,-1.3912859739100383,1.8023977938618416,0.31382232128396165,2.314216885846428e-05
dataframe000015,80.0,2.2,9.628057,-0.75093985,-0.042001337,-2.9184805e-05,-0.9050194,-0.8349425,-0.7089385,3.224667e-05,$\beta_2$-dominated,-8.103430287519923e-05,-8.103430287480923e-05,-0.6267512689153164,0.7575409280058785,1.4098054055713114,0.22524015439042605,-8.103430287519923e-05
dataframe000015,80.0,2.2,9.628057,-0.75093985,-0.96637994,-2.9184805e-05,-0.9050194,-2.6836996,0.2154401,3.224667e-05,$\beta_2$-dominated,2.314216885846428e-05,2.314216885896532e-05,-2.1535373989675235,-1.3912859739100383,1.8023977938618416,0.31382232128396165,2.314216885846428e-05
dataframe000013,60.0,2.6,8.21905,-0.61337334,-0.36823678,-0.00079958315,-0.827943,-1.3498468,-0.24513656,0.0009648148,$\beta_2$-dominated,-0.0003497256587470752,-0.0003497256587469053,-0.9804629437688881,-0.36208635775107534,0.72230843536033,0.3579148015653464,-0.0003497256587470752
dataframe000013,60.0,2.6,8.21905,-0.61337334,0.63224196,-0.00079958315,-0.827943,0.6511106,-1.2456152,0.0009648148,$\beta_2$-dominated,-0.00046241029534388,-0.00046241029534398767,0.6720169642718319,1.963644297839562,0.2973955507930185,0.2620400031890511,-0.00046241029534388
dataframe000013,60.0,2.6,8.21905,-0.61337334,-0.36823678,-0.00079958315,-0.827943,-1.3498468,-0.24513656,0.0009648148,$\beta_2$-dominated,-0.0003497256587470752,-0.0003497256587469053,-0.9804629437688881,-0.36208635775107534,0.72230843536033,0.3579148015653464,-0.0003497256587470752
dataframe000013,60.0,2.6,8.21905,-0.61337334,0.3270779,-0.00079958315,-0.827943,0.04078245,-0.94045126,0.0009648148,$\beta_2$-dominated,-0.00042812776803453445,-0.0004281277680344617,0.16798083612591266,1.2542545464983241,0.4270016870355141,0.29128359514102514,-0.00042812776803453445
dataframe000013,60.0,2.6,8.21905,-0.61337334,-0.36823678,-0.00079958315,-0.827943,-1.3498468,-0.24513656,0.0009648148,$\beta_2$-dominated,-0.0003497256587470752,-0.0003497256587469053,-0.9804629437688881,-0.36208635775107534,0.72230843536033,0.3579148015653464,-0.0003497256587470752
dataframe000016,80.0,2.4,7.421117,-0.42895544,-0.38444427,-1.9945223,0.0006381463,-1.197844,-0.04451117,0.99968016,$\alpha_2$-dominated,0.0004299699283396631,0.00042996992833995313,1.7054877904788175,-2.45677311549317,1.100595472170329,-1.7311967656963845,0.0004299699283396631
dataframe000016,80.0,2.4,7.421117,-0.42895544,0.062200062,-1.9945223,0.0006381463,-0.3045553,-0.4911555,0.99968016,$\alpha_2$-dominated,0.0003796821942606611,0.00037968219426095113,2.443205459296723,-1.418495677655687,0.9109013283487516,-1.7739982243242107,0.0003796821942606611
dataframe000016,80.0,2.4,7.421117,-0.42895544,-0.05776872,-1.9945223,0.0006381463,-0.5444929,-0.3711867,0.99968016,$\alpha_2$-dominated,0.0003931982963979509,0.00039319829639812993,2.2450542793847905,-1.6973772965514828,0.9618532249374928,-1.762501745302557,0.0003931982963979509
dataframe000016,80.0,2.4,7.421117,-0.42895544,0.95659524,-1.9945223,0.0006381463,1.484235,-1.3855507,0.99968016,$\alpha_2$-dominated,0.00027885098094593844,0.0002788509809463395,3.9204684048204665,0.6606313743992465,0.5310431777513462,-1.8597070998355945,0.00027885098094593844
dataframe000016,80.0,2.4,7.421117,-0.42895544,-0.05776872,-1.9945223,0.0006381463,-0.5444929,-0.3711867,0.99968016,$\alpha_2$-dominated,0.0003931982963979509,0.00039319829639812993,2.2450542793847905,-1.6973772965514828,0.9618532249374928,-1.762501745302557,0.0003931982963979509
dataframe000014,50.0,2.8,4.538585,-0.12533626,0.46798044,-1.7677895,0.0004371946,0.8106246,-0.5933167,0.99975276,$\alpha_2$-dominated,0.00026027255406155025,0.0002602725540618064,3.108357779300394,-0.9754775509346404,-1.0995423060868197,-1.4467892919027632,0.00026027255406155025
dataframe000014,50.0,2.8,4.538585,-0.12533626,-0.45902902,-1.7677895,0.0004371946,-1.0433943,0.33369276,0.99975276,$\alpha_2$-dominated,0.00036467988946483953,0.0003646798894652067,1.5772262438387086,-3.1304202727352686,-0.7058325147012244,-1.3579549715104329,0.00036467988946483953
dataframe000014,50.0,2.8,4.538585,-0.12533626,-0.66781247,-1.7677895,0.0004371946,-1.4609612,0.5424762,0.99975276,$\alpha_2$-dominated,0.00038816938586669125,0.0003881693858671694,1.232380895850951,-3.6157619728135524,-0.6171601759095903,-1.3379474644332339,0.00038816938586669125
dataframe000014,50.0,2.8,4.538585,-0.12533626,0.46798044,-1.7677895,0.0004371946,0.8106246,-0.5933167,0.99975276,$\alpha_2$-dominated,0.00026027255406155025,0.0002602725540618064,3.108357779300394,-0.9754775509346404,-1.0995423060868197,-1.4467892919027632,0.00026027255406155025
dataframe000014,50.0,2.8,4.538585,-0.12533626,0.46798044,-1.7677895,0.0004371946,0.8106246,-0.5933167,0.99975276,$\alpha_2$-dominated,0.00026027255406155025,0.0002602725540618064,3.108357779300394,-0.9754775509346404,-1.0995423060868197,-1.4467892919027632,0.00026027255406155025
dataframe000013,100.0,2.2,8.276637,-0.5460808,-0.4260407,-0.0004652367,-0.9768428,-1.3981622,-0.12004012,0.00047603896,$\beta_2$-dominated,-0.0001314518364805089,-0.0001314518364804358,-1.2657887349302492,-0.4241136821013244,0.6696259140470087,0.1730587437534592,-0.0001314518364805089
dataframe000013,100.0,2.2,8.276637,-0.5460808,-0.32231817,-0.0004652367,-0.9768428,-1.1907172,-0.22376266,0.00047603896,$\beta_2$-dominated,-0.00014317034765241315,-0.0001431703476523123,-1.0944713481147896,-0.1829984458162729,0.62557398494206,0.1631191465284687,-0.00014317034765241315
dataframe000013,100.0,2.2,8.276637,-0.5460808,-0.4260407,-0.0004652367,-0.9768428,-1.3981622,-0.12004012,0.00047603896,$\beta_2$-dominated,-0.0001314518364805089,-0.0001314518364804358,-1.2657887349302492,-0.4241136821013244,0.6696259140470087,0.1730587437534592,-0.0001314518364805089
dataframe000013,100.0,2.2,8.276637,-0.5460808,-0.32231817,-0.0004652367,-0.9768428,-1.1907172,-0.22376266,0.00047603896,$\beta_2$-dominated,-0.00014317034765241315,-0.0001431703476523123,-1.0944713481147896,-0.1829984458162729,0.62557398494206,0.1631191465284687,-0.00014317034765241315
dataframe000013,100.0,2.2,8.276637,-0.5460808,-0.46219623,-0.0004652367,-0.9768428,-1.4704733,-0.0838846,0.00047603896,$\beta_2$-dominated,-0.0001273784297336294,-0.0001273784297334175,-1.3255064216545072,-0.5081614538974593,0.6849815097080869,0.17652348785920846,-0.0001273784297336294
dataframe000014,60.0,2.6,4.828988,-0.5376143,0.004761694,-0.26387173,-0.000411839,-0.5280909,-0.542376,0.9984417,$\alpha_2$-dominated,-0.0003287651522319431,-0.0003287651522317311,1.0957770417197015,-0.8194404511854153,-0.9038622144473764,0.9746906505162849,-0.0003287651522319431
dataframe000014,60.0,2.6,4.828988,-0.5376143,0.5328716,-0.26387173,-0.000411839,0.5281289,-1.0704858,0.9984417,$\alpha_2$-dominated,-0.00038819830501328386,-0.00038819830501300246,1.968050443068303,0.4082132101598631,-1.1281555659027698,0.9240824203993506,-0.00038819830501328386
dataframe000014,60.0,2.6,4.828988,-0.5376143,0.22832611,-0.26387173,-0.000411839,-0.08096206,-0.7659404,0.9984417,$\alpha_2$-dominated,-0.00035398546873892286,-0.0003539854687387247,1.4650360119080272,-0.2997385860326658,-0.9988121452251307,0.9532667347938195,-0.00035398546873892286
dataframe000014,60.0,2.6,4.828988,-0.5376143,0.22832611,-0.26387173,-0.000411839,-0.08096206,-0.7659404,0.9984417,$\alpha_2$-dominated,-0.00035398546873892286,-0.0003539854687387247,1.4650360119080272,-0.2997385860326658,-0.9988121452251307,0.9532667347938195,-0.00035398546873892286
dataframe000014,60.0,2.6,4.828988,-0.5376143,0.22832611,-0.26387173,-0.000411839,-0.08096206,-0.7659404,0.9984417,$\alpha_2$-dominated,-0.00035398546873892286,-0.0003539854687387247,1.4650360119080272,-0.2997385860326658,-0.9988121452251307,0.9532667347938195,-0.00035398546873892286
dataframe000013,70.0,2.0,9.631794,-0.63432467,0.50642,3.823114e-05,-1.13919,0.37851536,-1.1407447,3.355881e-05,$\beta_2$-dominated,-0.0001066877202761955,-0.00010668772027566558,-0.013593573934757585,2.125542887655607,1.0011064838820611,-0.1270677524989927,-0.0001066877202761955
dataframe000013,70.0,2.0,9.631794,-0.63432467,0.8657434,3.823114e-05,-1.13919,1.0971621,-1.5000681,3.355881e-05,$\beta_2$-dominated,-0.0001471703413100393,-0.0001471703413093984,0.5798969932567092,2.960832439054202,0.8484984094846606,-0.16150131912372082,-0.0001471703413100393
dataframe000013,70.0,2.0,9.631794,-0.63432467,-0.04527869,3.823114e-05,-1.13919,-0.72488207,-0.589046,3.355881e-05,$\beta_2$-dominated,-4.4564198171089085e-05,-4.45641981706702e-05,-0.9248283809572716,0.843054234774268,1.2354182135595737,-0.07419905056656813,-4.4564198171089085e-05
dataframe000013,70.0,2.0,9.631794,-0.63432467,0.8657434,3.823114e-05,-1.13919,1.0971621,-1.5000681,3.355881e-05,$\beta_2$-dominated,-0.0001471703413100393,-0.0001471703413093984,0.5798969932567092,2.960832439054202,0.8484984094846606,-0.16150131912372082,-0.0001471703413100393
dataframe000013,70.0,2.0,9.631794,-0.63432467,0.23760098,3.823114e-05,-1.13919,-0.1591227,-0.87192565,3.355881e-05,$\beta_2$-dominated,-7.640163365405112e-05,-7.640163365374325e-05,-0.4575990821873596,1.500641360472323,1.1152764966539896,-0.10130711855579135,-7.640163365405112e-05
dataframe000013,50.0,2.8,9.547309,-0.8103421,-0.28305283,0.00091094885,-0.7660701,-1.3764477,-0.5272893,0.0011877071,$\beta_2$-dominated,0.00029414313108382724,0.0002941431310838096,-0.8472512273453816,0.12418358449752052,1.5668463877884866,0.4277538247812971,0.00029414313108382724
dataframe000013,50.0,2.8,9.547309,-0.8103421,-0.27030563,0.00091094885,-0.7660701,-1.3509533,-0.54003644,0.0011877071,$\beta_2$-dominated,0.0002927069907751107,0.00029270699077513473,-0.8261968661251432,0.15381588012415567,1.5614325434898437,0.4265322775657298,0.0002927069907751107
dataframe000013,50.0,2.8,9.547309,-0.8103421,-0.39409238,0.00091094885,-0.7660701,-1.5985268,-0.4162497,0.0011877071,$\beta_2$-dominated,0.0003066532359458147,0.0003066532359458387,-1.0306541059298187,-0.1339410035695769,1.6140059581118373,0.43839462614868735,0.0003066532359458147
dataframe000013,50.0,2.8,9.547309,-0.8103421,0.62910855,0.00091094885,-0.7660701,0.44787502,-1.4394506,0.0011877071,$\beta_2$-dominated,0.00019137586328381924,0.0001913758632836906,0.6593558672110744,2.2446101484803167,1.1794427451968956,0.3403424005135183,0.00019137586328381924
dataframe000013,50.0,2.8,9.547309,-0.8103421,-0.27030563,0.00091094885,-0.7660701,-1.3509533,-0.54003644,0.0011877071,$\beta_2$-dominated,0.0002927069907751107,0.00029270699077513473,-0.8261968661251432,0.15381588012415567,1.5614325434898437,0.4265322775657298,0.0002927069907751107
dataframe000015,50.0,2.0,6.5981326,-0.04347207,0.5375443,-0.001001388,-1.5625074,1.0316166,-0.58101636,0.0006404748,$\beta_2$-dominated,-0.0004268930007384614,-0.0004268930007381985,-0.29992136213352055,1.652535256625711,-1.2390701677922251,-0.6654108958222037,-0.0004268930007384614
dataframe000015,50.0,2.0,6.5981326,-0.04347207,0.5375443,-0.001001388,-1.5625074,1.0316166,-0.58101636,0.0006404748,$\beta_2$-dominated,-0.0004268930007384614,-0.0004268930007381985,-0.29992136213352055,1.652535256625711,-1.2390701677922251,-0.6654108958222037,-0.0004268930007384614
dataframe000015,50.0,2.0,6.5981326,-0.04347207,-0.67829996,-0.001001388,-1.5625074,-1.400072,0.6348279,0.0006404748,$\beta_2$-dominated,-0.00028991175939281524,-0.00028991175939255227,-2.308118275902827,-1.1738380540072955,-0.7226894854986389,-0.5488978692494652,-0.00028991175939281524
dataframe000015,50.0,2.0,6.5981326,-0.04347207,0.387633,-0.001001388,-1.5625074,0.73179394,-0.43110508,0.0006404748,$\beta_2$-dominated,-0.00041003624349707115,-0.00041003624349680824,-0.5475282402293742,1.3040487693927745,-1.175401386711333,-0.6510450408901335,-0.00041003624349707115
dataframe000015,50.0,2.0,6.5981326,-0.04347207,-0.67829996,-0.001001388,-1.5625074,-1.400072,0.6348279,0.0006404748,$\beta_2$-dominated,-0.00028991175939281524,-0.00028991175939255227,-2.308118275902827,-1.1738380540072955,-0.7226894854986389,-0.5488978692494652,-0.00028991175939281524
dataframe000013,50.0,2.4,9.383209,-0.92931765,0.5017423,-0.9742059,0.0019752884,0.07416695,-1.43106,0.9979765,$\alpha_2$-dominated,0.0013709009108419958,0.001370900910841901,2.2142830348712903,0.852443409970709,1.8327336456554573,-0.20651973425872594,0.0013709009108419958
dataframe000013,50.0,2.4,9.383209,-0.92931765,-1.1360241,-0.9742059,0.0019752884,-3.201366,0.20670646,0.9979765,$\alpha_2$-dominated,0.0015553845985680516,0.00155538459856829,-0.4907981744371828,-2.9547376971380066,2.5283087219654847,-0.04957434935567651,0.0015553845985680516
dataframe000013,50.0,2.4,9.383209,-0.92931765,0.0698351,-0.9742059,0.0019752884,-0.78964746,-0.9991528,0.9979765,$\alpha_2$-dominated,0.0014195283053697074,0.0014195283053697791,1.5009065731409557,-0.15157576485023944,2.0161687772070986,-0.16513052145637697,0.0014195283053697074
dataframe000013,50.0,2.4,9.383209,-0.92931765,0.35640916,-0.9742059,0.0019752884,-0.21649933,-1.2857268,0.9979765,$\alpha_2$-dominated,0.001387307420017,0.0013873074200172384,1.9742378205846518,0.5145993639108584,1.8944580062828262,-0.192592636040416,0.001387307420017
dataframe000013,50.0,2.4,9.383209,-0.92931765,0.64230496,-0.9742059,0.0019752884,0.35529226,-1.5716226,0.9979765,$\alpha_2$-dominated,0.0013550646337891793,0.0013550646337894177,2.4464488583819057,1.1791978645325871,1.7730353433985124,-0.21998969956865244,0.0013550646337891793
dataframe000013,50.0,2.0,8.589455,-0.110055976,0.98579425,-0.00022330131,-1.9271476,1.8615326,-1.0958502,0.00011585798,$\beta_2$-dominated,-0.00018990650087305784,-0.0001899065008726455,-0.14013968828911041,3.3055872647433753,-0.45636765884466257,-1.1795068061041678,-0.00018990650087305784
dataframe000013,50.0,2.0,8.589455,-0.110055976,0.32199925,-0.00022330131,-1.9271476,0.5339425,-0.43205523,0.00011585798,$\beta_2$-dominated,-0.00011515381894714195,-0.00011515381894684063,-1.2365227647091728,1.762517528629063,-0.17444755519672486,-1.115896037452936,-0.00011515381894714195
dataframe000013,50.0,2.0,8.589455,-0.110055976,1.0698138,-0.00022330131,-1.9271476,2.0295718,-1.1798698,0.00011585798,$\beta_2$-dominated,-0.00019930689632511057,-0.00019930689632492027,-0.0013654717098795684,3.5009006685229695,-0.4920516130362838,-1.1875583479699952,-0.00019930689632511057
dataframe000013,50.0,2.0,8.589455,-0.110055976,-0.68465084,-0.00022330131,-1.9271476,-1.4793576,0.57459486,0.00011585798,$\beta_2$-dominated,-1.708352262128186e-06,-1.708352261715841e-06,-2.899195873680492,-0.5775592093194418,0.2530863323103142,-1.0194298811571985,-1.708352262128186e-06
dataframe000013,50.0,2.0,8.589455,-0.110055976,0.32199925,-0.00022330131,-1.9271476,0.5339425,-0.43205523,0.00011585798,$\beta_2$-dominated,-0.00011515381894714195,-0.00011515381894684063,-1.2365227647091728,1.762517528629063,-0.17444755519672486,-1.115896037452936,-0.00011515381894714195
dataframe000013,90.0,2.0,5.115721,-0.17639683,0.19142285,0.00072741706,-0.9259781,0.20644887,-0.36781967,0.0007849495,$\beta_2$-dominated,0.00040635355090185005,0.00040635355090205404,0.014169343946595114,0.25083741126964215,-1.5396221197121496,0.1890099909592907,0.00040635355090185005
dataframe000013,90.0,2.0,5.115721,-0.17639683,0.19142285,0.00072741706,-0.9259781,0.20644887,-0.36781967,0.0007849495,$\beta_2$-dominated,0.00040635355090185005,0.00040635355090205404,0.014169343946595114,0.25083741126964215,-1.5396221197121496,0.1890099909592907,0.00040635355090185005
dataframe000013,90.0,2.0,5.115721,-0.17639683,0.19142285,0.00072741706,-0.9259781,0.20644887,-0.36781967,0.0007849495,$\beta_2$-dominated,0.00040635355090185005,0.00040635355090205404,0.014169343946595114,0.25083741126964215,-1.5396221197121496,0.1890099909592907,0.00040635355090185005
dataframe000013,90.0,2.0,5.115721,-0.17639683,0.19142285,0.00072741706,-0.9259781,0.20644887,-0.36781967,0.0007849495,$\beta_2$-dominated,0.00040635355090185005,0.00040635355090205404,0.014169343946595114,0.25083741126964215,-1.5396221197121496,0.1890099909592907,0.00040635355090185005
dataframe000013,90.0,2.0,5.115721,-0.17639683,0.08029952,0.00072741706,-0.9259781,-0.015797794,-0.25669634,0.0007849495,$\beta_2$-dominated,0.00041886489844852876,0.00041886489844892704,-0.169371859930015,-0.007481860398627551,-1.4924269758039301,0.1996588226105134,0.00041886489844852876
dataframe000013,80.0,3.2,5.662161,-0.36540118,-0.13054647,0.0013870338,-0.6846124,-0.6264941,-0.23485471,0.002021917,$\beta_2$-dominated,0.0006537186319340923,0.0006537186319342085,-0.25108140725786815,-0.46407571087229016,-0.8763076971742148,0.5283674613437828,0.0006537186319340923
dataframe000013,80.0,3.2,5.662161,-0.36540118,-0.46247172,0.0013870338,-0.6846124,-1.2903446,0.097070545,0.002021917,$\beta_2$-dominated,0.0006911308695911951,0.0006911308695911726,-0.7993187763506984,-1.2356750740050289,-0.7353358809839184,0.5601754854124255,0.0006911308695911951
dataframe000013,80.0,3.2,5.662161,-0.36540118,-0.04207387,0.0013870338,-0.6846124,-0.4495489,-0.3233273,0.002021917,$\beta_2$-dominated,0.0006437673870176637,0.000643767387017669,-0.10495217114991325,-0.25841072941905086,-0.913882864547629,0.5198892195745152,0.0006437673870176637
dataframe000013,80.0,3.2,5.662161,-0.36540118,-0.13054647,0.0013870338,-0.6846124,-0.6264941,-0.23485471,0.002021917,$\beta_2$-dominated,0.0006537186319340923,0.0006537186319342085,-0.25108140725786815,-0.46407571087229016,-0.8763076971742148,0.5283674613437828,0.0006537186319340923
dataframe000013,80.0,3.2,5.662161,-0.36540118,-0.46247172,0.0013870338,-0.6846124,-1.2903446,0.097070545,0.002021917,$\beta_2$-dominated,0.0006911308695911951,0.0006911308695911726,-0.7993187763506984,-1.2356750740050289,-0.7353358809839184,0.5601754854124255,0.0006911308695911951
dataframe000015,70.0,2.0,7.473559,-0.32798398,-0.62653154,0.0018079986,-1.2123159,-1.581047,0.29854757,0.0014891385,$\beta_2$-dominated,0.0008309574378644757,0.0008309574378648979,-1.8428601235831406,-0.9842227811458443,0.07053278265442059,-0.1040168841341585,0.0008309574378644757
dataframe000015,70.0,2.0,7.473559,-0.32798398,-0.62653154,0.0018079986,-1.2123159,-1.581047,0.29854757,0.0014891385,$\beta_2$-dominated,0.0008309574378644757,0.0008309574378648979,-1.8428601235831406,-0.9842227811458443,0.07053278265442059,-0.1040168841341585,0.0008309574378644757
dataframe000015,70.0,2.0,7.473559,-0.32798398,-0.5293514,0.0018079986,-1.2123159,-1.3866868,0.20136744,0.0014891385,$\beta_2$-dominated,0.0008200087868980177,0.0008200087868983843,-1.6823487508950923,-0.7583161199474385,0.02925945354200671,-0.11332954949232155,0.0008200087868980177
dataframe000015,70.0,2.0,7.473559,-0.32798398,-0.62653154,0.0018079986,-1.2123159,-1.581047,0.29854757,0.0014891385,$\beta_2$-dominated,0.0008309574378644757,0.0008309574378648979,-1.8428601235831406,-0.9842227811458443,0.07053278265442059,-0.1040168841341585,0.0008309574378644757
dataframe000015,70.0,2.0,7.473559,-0.32798398,-0.15876381,0.0018079986,-1.2123159,-0.6455116,-0.16922016,0.0014891385,$\beta_2$-dominated,0.0007782407151762804,0.0007782407151766471,-1.0702532035600152,0.10315841897708264,-0.12813262971705217,-0.14884254370976338,0.0007782407151762804
dataframe000015,100.0,2.8,8.937559,-0.35058206,0.01364293,0.0013222862,-1.5330554,-0.3232962,-0.364225,0.0008617736,$\beta_2$-dominated,0.000576442562623047,0.0005764425626232645,-1.277078242185299,0.9731823664214057,0.4743309386935303,-0.5806157006530959,0.000576442562623047
dataframe000015,100.0,2.8,8.937559,-0.35058206,0.01364293,0.0013222862,-1.5330554,-0.3232962,-0.364225,0.0008617736,$\beta_2$-dominated,0.000576442562623047,0.0005764425626232645,-1.277078242185299,0.9731823664214057,0.4743309386935303,-0.5806157006530959,0.000576442562623047
dataframe000015,100.0,2.8,8.937559,-0.35058206,0.01364293,0.0013222862,-1.5330554,-0.3232962,-0.364225,0.0008617736,$\beta_2$-dominated,0.000576442562623047,0.0005764425626232645,-1.277078242185299,0.9731823664214057,0.4743309386935303,-0.5806157006530959,0.000576442562623047
dataframe000015,100.0,2.8,8.937559,-0.35058206,0.01364293,0.0013222862,-1.5330554,-0.3232962,-0.364225,0.0008617736,$\beta_2$-dominated,0.000576442562623047,0.0005764425626232645,-1.277078242185299,0.9731823664214057,0.4743309386935303,-0.5806157006530959,0.000576442562623047
dataframe000015,100.0,2.8,8.937559,-0.35058206,0.01364293,0.0013222862,-1.5330554,-0.3232962,-0.364225,0.0008617736,$\beta_2$-dominated,0.000576442562623047,0.0005764425626232645,-1.277078242185299,0.9731823664214057,0.4743309386935303,-0.5806157006530959,0.000576442562623047
dataframe000014,100.0,2.4,8.610892,-0.56501126,-0.06913509,-0.00022381067,-1.0224957,-0.70328146,-0.49587616,0.00021883876,$\beta_2$-dominated,-4.045312324970768e-05,-4.0453123249588406e-05,-0.7544467059021596,0.5020634952085834,0.693153614212765,0.07981649365764104,-4.045312324970768e-05
dataframe000014,100.0,2.4,8.610892,-0.56501126,-0.06913509,-0.00022381067,-1.0224957,-0.70328146,-0.49587616,0.00021883876,$\beta_2$-dominated,-4.045312324970768e-05,-4.0453123249588406e-05,-0.7544467059021596,0.5020634952085834,0.693153614212765,0.07981649365764104,-4.045312324970768e-05
dataframe000014,100.0,2.4,8.610892,-0.56501126,-0.07609827,-0.00022381067,-1.0224957,-0.7172078,-0.488913,0.00021883876,$\beta_2$-dominated,-3.966862903750507e-05,-3.966862903721926e-05,-0.765947688375209,0.4858768007240907,0.696110936343757,0.08048376600892648,-3.966862903750507e-05
dataframe000014,100.0,2.4,8.610892,-0.56501126,-0.17208986,-0.00022381067,-1.0224957,-0.909191,-0.3929214,0.00021883876,$\beta_2$-dominated,-2.8853880483538377e-05,-2.88538804834191e-05,-0.9244960009463054,0.2627329864774345,0.7368794910908562,0.0896825371199656,-2.8853880483538377e-05
dataframe000014,100.0,2.4,8.610892,-0.56501126,-0.17208986,-0.00022381067,-1.0224957,-0.909191,-0.3929214,0.00021883876,$\beta_2$-dominated,-2.8853880483538377e-05,-2.88538804834191e-05,-0.9244960009463054,0.2627329864774345,0.7368794910908562,0.0896825371199656,-2.8853880483538377e-05
dataframe000013,50.0,2.6,8.560993,-0.1081407,0.13357149,-0.00076829974,-1.9238676,0.15900227,-0.24171218,0.00039919224,$\beta_2$-dominated,-0.0003217480249582621,-0.00032174802495808655,-1.5413465930101462,1.3161625375512715,-0.10961310515328943,-1.094295691466849,-0.0003217480249582621
dataframe000013,50.0,2.6,8.560993,-0.1081407,0.13861175,-0.00076829974,-1.9238676,0.16908279,-0.24675244,0.00039919224,$\beta_2$-dominated,-0.00032231587796032683,-0.0003223158779600403,-1.533021652785491,1.3278792116992346,-0.11175375096535373,-1.0947786938930357,-0.00032231587796032683
dataframe000013,50.0,2.6,8.560993,-0.1081407,-0.16911636,-0.00076829974,-1.9238676,-0.44637343,0.060975663,0.00039919224,$\beta_2$-dominated,-0.0002876543525322455,-0.0002876543525317369,-2.041292859282006,0.6125289555325398,0.018941322239802938,-1.0652894411831018,-0.0002876543525322455
dataframe000013,50.0,2.6,8.560993,-0.1081407,0.13357149,-0.00076829974,-1.9238676,0.15900227,-0.24171218,0.00039919224,$\beta_2$-dominated,-0.0003217480249582621,-0.00032174802495808655,-1.5413465930101462,1.3161625375512715,-0.10961310515328943,-1.094295691466849,-0.0003217480249582621
dataframe000013,50.0,2.6,8.560993,-0.1081407,0.13357149,-0.00076829974,-1.9238676,0.15900227,-0.24171218,0.00039919224,$\beta_2$-dominated,-0.0003217480249582621,-0.00032174802495808655,-1.5413465930101462,1.3161625375512715,-0.10961310515328943,-1.094295691466849,-0.0003217480249582621
dataframe000015,50.0,3.0,5.3548837,-0.22955026,0.3430222,0.0022507857,-0.8795358,0.45649415,-0.57257247,0.0025525289,$\beta_2$-dominated,0.0009451691710008102,0.0009451691710009479,0.3061457927472482,0.6420840315161186,-1.4189617790493185,0.2353999779927924,0.0009451691710008102
dataframe000015,50.0,3.0,5.3548837,-0.22955026,-0.49615788,0.0022507857,-0.8795358,-1.221866,0.26660764,0.0025525289,$\beta_2$-dominated,0.0010397468879099659,0.0010397468879101866,-1.079918953666537,-1.3086890041559454,-1.062553991779868,0.31581766948115386,0.0010397468879099659
dataframe000015,50.0,3.0,5.3548837,-0.22955026,-0.010695759,0.0022507857,-0.8795358,-0.25094178,-0.2188545,0.0025525289,$\beta_2$-dominated,0.0009850202665548824,0.0009850202665551032,-0.2780863715684145,-0.18017507321270967,-1.2687343777627946,0.2692963838775088,0.0009850202665548824
dataframe000015,50.0,3.0,5.3548837,-0.22955026,-0.010695759,0.0022507857,-0.8795358,-0.25094178,-0.2188545,0.0025525289,$\beta_2$-dominated,0.0009850202665548824,0.0009850202665551032,-0.2780863715684145,-0.18017507321270967,-1.2687343777627946,0.2692963838775088,0.0009850202665548824
dataframe000015,50.0,3.0,5.3548837,-0.22955026,-0.06353734,0.0022507857,-0.8795358,-0.35662493,-0.16601291,0.0025525289,$\beta_2$-dominated,0.0009909899681276907,0.000990989968127953,-0.3653642450034014,-0.3030115551373532,-1.2462920629602534,0.2743601252524137,0.0009909899681276907
dataframe000016,100.0,2.6,5.0550165,-0.597082,0.45785967,0.00089575106,-0.069410205,0.3186373,-1.0549417,0.012740756,$\beta_2$-dominated,0.0004168968062763865,0.0004168968062765505,1.5273140135415475,0.5187874038704515,-1.0394836410368276,1.26062313979227,0.0004168968062763865
dataframe000016,100.0,2.6,5.0550165,-0.597082,0.45785967,0.00089575106,-0.069410205,0.3186373,-1.0549417,0.012740756,$\beta_2$-dominated,0.0004168968062763865,0.0004168968062765505,1.5273140135415475,0.5187874038704515,-1.0394836410368276,1.26062313979227,0.0004168968062763865
dataframe000016,100.0,2.6,5.0550165,-0.597082,0.45785967,0.00089575106,-0.069410205,0.3186373,-1.0549417,0.012740756,$\beta_2$-dominated,0.0004168968062763865,0.0004168968062765505,1.5273140135415475,0.5187874038704515,-1.0394836410368276,1.26062313979227,0.0004168968062763865
dataframe000016,100.0,2.6,5.0550165,-0.597082,0.25485295,0.00089575106,-0.069410205,-0.08737612,-0.85193497,0.012740756,$\beta_2$-dominated,0.00043973547584436816,0.0004397354758445738,1.1920100336021693,0.046874400855668664,-0.9532647360240493,1.280077068850631,0.00043973547584436816
dataframe000016,100.0,2.6,5.0550165,-0.597082,0.45785967,0.00089575106,-0.069410205,0.3186373,-1.0549417,0.012740756,$\beta_2$-dominated,0.0004168968062763865,0.0004168968062765505,1.5273140135415475,0.5187874038704515,-1.0394836410368276,1.26062313979227,0.0004168968062763865
dataframe000015,50.0,2.6,4.161025,-0.21207272,-0.006680179,-0.00031055545,-0.61601365,-0.22543307,-0.20539254,0.0005038833,$\beta_2$-dominated,-3.278640333884093e-05,-3.2786403338579774e-05,0.13470019059214944,-0.5562822588593641,-1.8189681971275182,0.606043556091938,-3.278640333884093e-05
dataframe000015,50.0,2.6,4.161025,-0.21207272,-0.006680179,-0.00031055545,-0.61601365,-0.22543307,-0.20539254,0.0005038833,$\beta_2$-dominated,-3.278640333884093e-05,-3.2786403338579774e-05,0.13470019059214944,-0.5562822588593641,-1.8189681971275182,0.606043556091938,-3.278640333884093e-05
dataframe000015,50.0,2.6,4.161025,-0.21207272,-0.006680179,-0.00031055545,-0.61601365,-0.22543307,-0.20539254,0.0005038833,$\beta_2$-dominated,-3.278640333884093e-05,-3.2786403338579774e-05,0.13470019059214944,-0.5562822588593641,-1.8189681971275182,0.606043556091938,-3.278640333884093e-05
dataframe000015,50.0,2.6,4.161025,-0.21207272,-0.006680179,-0.00031055545,-0.61601365,-0.22543307,-0.20539254,0.0005038833,$\beta_2$-dominated,-3.278640333884093e-05,-3.2786403338579774e-05,0.13470019059214944,-0.5562822588593641,-1.8189681971275182,0.606043556091938,-3.278640333884093e-05
dataframe000015,50.0,2.6,4.161025,-0.21207272,-0.006680179,-0.00031055545,-0.61601365,-0.22543307,-0.20539254,0.0005038833,$\beta_2$-dominated,-3.278640333884093e-05,-3.2786403338579774e-05,0.13470019059214944,-0.5562822588593641,-1.8189681971275182,0.606043556091938,-3.278640333884093e-05
dataframe000014,70.0,3.0,6.778207,-0.43305004,-0.117112175,0.00016627875,-0.82830703,-0.66727436,-0.31593788,0.00020070502,$\beta_2$-dominated,0.00013199662222777901,0.00013199662222804787,-0.4769491312285473,-0.1153943632264709,-0.2899387786177922,0.338475113464583,0.00013199662222777901
dataframe000014,70.0,3.0,6.778207,-0.43305004,-0.117112175,0.00016627875,-0.82830703,-0.66727436,-0.31593788,0.00020070502,$\beta_2$-dominated,0.00013199662222777901,0.00013199662222804787,-0.4769491312285473,-0.1153943632264709,-0.2899387786177922,0.338475113464583,0.00013199662222777901
dataframe000014,70.0,3.0,6.778207,-0.43305004,-0.117112175,0.00016627875,-0.82830703,-0.66727436,-0.31593788,0.00020070502,$\beta_2$-dominated,0.00013199662222777901,0.00013199662222804787,-0.4769491312285473,-0.1153943632264709,-0.2899387786177922,0.338475113464583,0.00013199662222777901
dataframe000014,70.0,3.0,6.778207,-0.43305004,-0.117112175,0.00016627875,-0.82830703,-0.66727436,-0.31593788,0.00020070502,$\beta_2$-dominated,0.00013199662222777901,0.00013199662222804787,-0.4769491312285473,-0.1153943632264709,-0.2899387786177922,0.338475113464583,0.00013199662222777901
dataframe000014,70.0,3.0,6.778207,-0.43305004,-0.117112175,0.00016627875,-0.82830703,-0.66727436,-0.31593788,0.00020070502,$\beta_2$-dominated,0.00013199662222777901,0.00013199662222804787,-0.4769491312285473,-0.1153943632264709,-0.2899387786177922,0.338475113464583,0.00013199662222777901
dataframe000016,50.0,3.2,7.917222,-0.6608117,0.018385027,-0.00038873486,-0.65757847,-0.6240417,-0.6791968,0.0005908119,$\beta_2$-dominated,-0.00019727571742103058,-0.0001972757174209059,-0.11070138601182909,0.39907424044218587,0.49795884631602727,0.5403437305091121,-0.00019727571742103058
dataframe000016,50.0,3.2,7.917222,-0.6608117,0.018385027,-0.00038873486,-0.65757847,-0.6240417,-0.6791968,0.0005908119,$\beta_2$-dominated,-0.00019727571742103058,-0.0001972757174209059,-0.11070138601182909,0.39907424044218587,0.49795884631602727,0.5403437305091121,-0.00019727571742103058
dataframe000016,50.0,3.2,7.917222,-0.6608117,0.018385027,-0.00038873486,-0.65757847,-0.6240417,-0.6791968,0.0005908119,$\beta_2$-dominated,-0.00019727571742103058,-0.0001972757174209059,-0.11070138601182909,0.39907424044218587,0.49795884631602727,0.5403437305091121,-0.00019727571742103058
dataframe000016,50.0,3.2,7.917222,-0.6608117,0.018385027,-0.00038873486,-0.65757847,-0.6240417,-0.6791968,0.0005908119,$\beta_2$-dominated,-0.00019727571742103058,-0.0001972757174209059,-0.11070138601182909,0.39907424044218587,0.49795884631602727,0.5403437305091121,-0.00019727571742103058
dataframe000016,50.0,3.2,7.917222,-0.6608117,0.018385027,-0.00038873486,-0.65757847,-0.6240417,-0.6791968,0.0005908119,$\beta_2$-dominated,-0.00019727571742103058,-0.0001972757174209059,-0.11070138601182909,0.39907424044218587,0.49795884631602727,0.5403437305091121,-0.00019727571742103058
dataframe000016,90.0,2.8,7.4772625,-0.54325384,0.14033324,5.5344153e-05,-0.7826246,-0.26258737,-0.6835871,7.071109e-05,$\beta_2$-dominated,6.10921520032161e-05,6.109215200335386e-05,-0.03832992545248742,0.6289159232735363,0.07454511110220838,0.37027423050260827,6.10921520032161e-05
dataframe000016,90.0,2.8,7.4772625,-0.54325384,-0.13019973,5.5344153e-05,-0.7826246,-0.8036533,-0.4130541,7.071109e-05,$\beta_2$-dominated,9.15713361115002e-05,9.157133611149918e-05,-0.4851663160352274,3.016017763617647e-05,0.18944304698720738,0.39619910863217106,9.15713361115002e-05
dataframe000016,90.0,2.8,7.4772625,-0.54325384,-0.13019973,5.5344153e-05,-0.7826246,-0.8036533,-0.4130541,7.071109e-05,$\beta_2$-dominated,9.15713361115002e-05,9.157133611149918e-05,-0.4851663160352274,3.016017763617647e-05,0.18944304698720738,0.39619910863217106,9.15713361115002e-05
dataframe000016,90.0,2.8,7.4772625,-0.54325384,0.30468816,5.5344153e-05,-0.7826246,0.06612247,-0.847942,7.071109e-05,$\beta_2$-dominated,4.257535548135754e-05,4.257535548148143e-05,0.2331333293902962,1.0109783062223776,0.004742005743259813,0.3545242782901766,4.257535548135754e-05
dataframe000016,90.0,2.8,7.4772625,-0.54325384,-0.5991138,5.5344153e-05,-0.7826246,-1.7414815,0.055859983,7.071109e-05,$\beta_2$-dominated,0.00014436805825191094,0.00014436805825192382,-1.2596667007340794,-1.0900159492207304,0.38859536883554185,0.44113465357567144,0.00014436805825191094
dataframe000015,60.0,3.2,6.231053,-0.7784282,-0.47780147,-0.0016111372,0.0017845677,-1.7340312,-0.30062672,0.47446322,mixed,0.0015127247102684459,0.0015127247102685966,-0.0011021223534726744,-1.4107266433521635,0.1504368986450909,1.433769449721088,0.0015127247102684459
dataframe000015,60.0,3.2,6.231053,-0.7784282,-0.47780147,-0.0016111372,0.0017845677,-1.7340312,-0.30062672,0.47446322,mixed,0.0015127247102684459,0.0015127247102685966,-0.0011021223534726744,-1.4107266433521635,0.1504368986450909,1.433769449721088,0.0015127247102684459
dataframe000015,60.0,3.2,6.231053,-0.7784282,-0.027574131,-0.0016111372,0.0017845677,-0.83357644,-0.7508541,0.47446322,mixed,0.0014620333013786433,0.001462033301378727,0.7425335721821021,-0.3641200671590871,-0.04077898546847078,1.3906246347804554,0.0014620333013786433
dataframe000015,60.0,3.2,6.231053,-0.7784282,-0.47780147,-0.0016111372,0.0017845677,-1.7340312,-0.30062672,0.47446322,mixed,0.0015127247102684459,0.0015127247102685966,-0.0011021223534726744,-1.4107266433521635,0.1504368986450909,1.433769449721088,0.0015127247102684459
dataframe000015,60.0,3.2,6.231053,-0.7784282,-0.027574131,-0.0016111372,0.0017845677,-0.83357644,-0.7508541,0.47446322,mixed,0.0014620333013786433,0.001462033301378727,0.7425335721821021,-0.3641200671590871,-0.04077898546847078,1.3906246347804554,0.0014620333013786433
dataframe000015,90.0,2.6,5.234241,-0.44545478,0.07442621,-0.8349128,-0.0004893242,-0.29660237,-0.519881,0.9994143,$\alpha_2$-dominated,-0.000348483499379105,-0.0003484834993789247,1.651848037116566,-1.0045141655430714,-0.6094438627244124,0.06368252612454882,-0.000348483499379105
dataframe000015,90.0,2.6,5.234241,-0.44545478,0.08827152,-0.8349128,-0.0004893242,-0.26891172,-0.5337263,0.9994143,$\alpha_2$-dominated,-0.00034997781692358646,-0.00034997781692340616,1.6747161551787062,-0.9723291388375281,-0.6153241309209668,0.0623557084348567,-0.00034997781692358646
dataframe000015,90.0,2.6,5.234241,-0.44545478,0.07442621,-0.8349128,-0.0004893242,-0.29660237,-0.519881,0.9994143,$\alpha_2$-dominated,-0.000348483499379105,-0.0003484834993789247,1.651848037116566,-1.0045141655430714,-0.6094438627244124,0.06368252612454882,-0.000348483499379105
dataframe000015,90.0,2.6,5.234241,-0.44545478,0.08827152,-0.8349128,-0.0004893242,-0.26891172,-0.5337263,0.9994143,$\alpha_2$-dominated,-0.00034997781692358646,-0.00034997781692340616,1.6747161551787062,-0.9723291388375281,-0.6153241309209668,0.0623557084348567,-0.00034997781692358646
dataframe000015,90.0,2.6,5.234241,-0.44545478,0.08827152,-0.8349128,-0.0004893242,-0.26891172,-0.5337263,0.9994143,$\alpha_2$-dominated,-0.00034997781692358646,-0.00034997781692340616,1.6747161551787062,-0.9723291388375281,-0.6153241309209668,0.0623557084348567,-0.00034997781692358646
dataframe000014,60.0,2.4,6.18482,-0.1618204,0.08813579,0.0014740932,-1.222432,0.014451176,-0.24995619,0.0012044169,$\beta_2$-dominated,0.0006820738901418253,0.0006820738901422584,-0.5941480284119269,0.37866683805544177,-1.0500054784947352,-0.18249730599798372,0.0006820738901418253
dataframe000014,60.0,2.4,6.18482,-0.1618204,-0.08019621,0.0014740932,-1.222432,-0.32221282,-0.08162419,0.0012044169,$\beta_2$-dominated,0.0007010469508837145,0.000701046950884092,-0.8721801825791551,-0.012640732708644645,-0.9785132746030571,-0.16636623944186965,0.0007010469508837145
dataframe000014,60.0,2.4,6.18482,-0.1618204,0.08813579,0.0014740932,-1.222432,0.014451176,-0.24995619,0.0012044169,$\beta_2$-dominated,0.0006820738901418253,0.0006820738901422584,-0.5941480284119269,0.37866683805544177,-1.0500054784947352,-0.18249730599798372,0.0006820738901418253
dataframe000014,60.0,2.4,6.18482,-0.1618204,0.08813579,0.0014740932,-1.222432,0.014451176,-0.24995619,0.0012044169,$\beta_2$-dominated,0.0006820738901418253,0.0006820738901422584,-0.5941480284119269,0.37866683805544177,-1.0500054784947352,-0.18249730599798372,0.0006820738901418253
dataframe000014,60.0,2.4,6.18482,-0.1618204,0.08813579,0.0014740932,-1.222432,0.014451176,-0.24995619,0.0012044169,$\beta_2$-dominated,0.0006820738901418253,0.0006820738901422584,-0.5941480284119269,0.37866683805544177,-1.0500054784947352,-0.18249730599798372,0.0006820738901418253
dataframe000014,50.0,3.2,7.459803,-0.6230474,0.20851988,0.0014884254,-0.6187331,-0.20600766,-0.8315673,0.0023998285,$\beta_2$-dominated,0.0005858384447979014,0.0005858384447980911,0.2786490904242349,0.7197742330974336,0.15880939800219998,0.5755951264533841,0.0005858384447979014
dataframe000014,50.0,3.2,7.459803,-0.6230474,0.20851988,0.0014884254,-0.6187331,-0.20600766,-0.8315673,0.0023998285,$\beta_2$-dominated,0.0005858384447979014,0.0005858384447980911,0.2786490904242349,0.7197742330974336,0.15880939800219998,0.5755951264533841,0.0005858384447979014
dataframe000014,50.0,3.2,7.459803,-0.6230474,0.20851988,0.0014884254,-0.6187331,-0.20600766,-0.8315673,0.0023998285,$\beta_2$-dominated,0.0005858384447979014,0.0005858384447980911,0.2786490904242349,0.7197742330974336,0.15880939800219998,0.5755951264533841,0.0005858384447979014
dataframe000014,50.0,3.2,7.459803,-0.6230474,0.6707839,0.0014884254,-0.6187331,0.71852034,-1.2938313,0.0023998285,$\beta_2$-dominated,0.0005336926310411693,0.0005336926310411925,1.0421656267515937,1.7943614476090513,-0.037518514480435805,0.5312969083186246,0.0005336926310411693
dataframe000014,50.0,3.2,7.459803,-0.6230474,0.20851988,0.0014884254,-0.6187331,-0.20600766,-0.8315673,0.0023998285,$\beta_2$-dominated,0.0005858384447979014,0.0005858384447980911,0.2786490904242349,0.7197742330974336,0.15880939800219998,0.5755951264533841,0.0005858384447979014
dataframe000014,60.0,3.2,9.093283,-0.44822946,-0.023425292,0.00068293326,-1.37669,-0.49508005,-0.42480418,0.00049582304,$\beta_2$-dominated,0.00030358640028903386,0.0003035864002892527,-1.1522061372137409,0.861524315836386,0.7070265827245771,-0.3781250943158585,0.00030358640028903386
dataframe000014,60.0,3.2,9.093283,-0.44822946,0.05702443,0.00068293326,-1.37669,-0.3341806,-0.5052539,0.00049582304,$\beta_2$-dominated,0.0002945226540984487,0.00029452265409855654,-1.0193281829157204,1.048539195216178,0.6728588135024847,-0.38583450394292407,0.0002945226540984487
dataframe000014,60.0,3.2,9.093283,-0.44822946,-0.023425292,0.00068293326,-1.37669,-0.49508005,-0.42480418,0.00049582304,$\beta_2$-dominated,0.00030358640028903386,0.0003035864002892527,-1.1522061372137409,0.861524315836386,0.7070265827245771,-0.3781250943158585,0.00030358640028903386
dataframe000014,60.0,3.2,9.093283,-0.44822946,0.38629672,0.00068293326,-1.37669,0.32436398,-0.8345262,0.00049582304,$\beta_2$-dominated,0.00025744208033017093,0.0002574420803303898,-0.4754727038727417,1.8139714137676741,0.5330137206627646,-0.4173883156396371,0.00025744208033017093
dataframe000014,60.0,3.2,9.093283,-0.44822946,0.38629672,0.00068293326,-1.37669,0.32436398,-0.8345262,0.00049582304,$\beta_2$-dominated,0.00025744208033017093,0.0002574420803303898,-0.4754727038727417,1.8139714137676741,0.5330137206627646,-0.4173883156396371,0.00025744208033017093
dataframe000013,60.0,3.0,4.6560903,-0.5463905,-0.020962304,-0.14216055,0.0006225745,-0.58831507,-0.5254282,0.99563974,$\alpha_2$-dominated,0.0006038268266895014,0.0006038268266895621,0.9656558638885779,-0.8261868778958483,-1.0160568803427117,1.1709115207931262,0.0006038268266895014
dataframe000013,60.0,3.0,4.6560903,-0.5463905,-0.020962304,-0.14216055,0.0006225745,-0.58831507,-0.5254282,0.99563974,$\alpha_2$-dominated,0.0006038268266895014,0.0006038268266895621,0.9656558638885779,-0.8261868778958483,-1.0160568803427117,1.1709115207931262,0.0006038268266895014
dataframe000013,60.0,3.0,4.6560903,-0.5463905,-0.020962304,-0.14216055,0.0006225745,-0.58831507,-0.5254282,0.99563974,$\alpha_2$-dominated,0.0006038268266895014,0.0006038268266895621,0.9656558638885779,-0.8261868778958483,-1.0160568803427117,1.1709115207931262,0.0006038268266895014
dataframe000013,60.0,3.0,4.6560903,-0.5463905,-0.020962304,-0.14216055,0.0006225745,-0.58831507,-0.5254282,0.99563974,$\alpha_2$-dominated,0.0006038268266895014,0.0006038268266895621,0.9656558638885779,-0.8261868778958483,-1.0160568803427117,1.1709115207931262,0.0006038268266895014
dataframe000013,60.0,3.0,4.6560903,-0.5463905,-0.121146254,-0.14216055,-0.0010574538,-0.788683,-0.4252442,0.9926164,$\alpha_2$-dominated,-0.0007703379267702804,-0.0007703379267702733,0.7985666521635081,-1.0580823259759993,-0.9740457316368215,1.179149244193521,-0.0007703379267702804
dataframe000013,50.0,2.2,5.985896,-0.5878649,0.3158221,-0.6411888,-0.000583248,0.043779314,-0.903687,0.9990912,$\alpha_2$-dominated,-0.0005086225762641055,-0.0005086225762640146,1.8452124224770297,-0.11707385587190458,-0.2634791599711563,0.3448876075907475,-0.0005086225762641055
dataframe000013,50.0,2.2,5.985896,-0.5878649,0.3158221,-0.6411888,-0.000583248,0.043779314,-0.903687,0.9990912,$\alpha_2$-dominated,-0.0005086225762641055,-0.0005086225762640146,1.8452124224770297,-0.11707385587190458,-0.2634791599711563,0.3448876075907475,-0.0005086225762641055
dataframe000013,50.0,2.2,5.985896,-0.5878649,0.3158221,-0.6411888,-0.000583248,0.043779314,-0.903687,0.9990912,$\alpha_2$-dominated,-0.0005086225762641055,-0.0005086225762640146,1.8452124224770297,-0.11707385587190458,-0.2634791599711563,0.3448876075907475,-0.0005086225762641055
dataframe000013,50.0,2.2,5.985896,-0.5878649,0.3158221,-0.6411888,-0.000583248,0.043779314,-0.903687,0.9990912,$\alpha_2$-dominated,-0.0005086225762641055,-0.0005086225762640146,1.8452124224770297,-0.11707385587190458,-0.2634791599711563,0.3448876075907475,-0.0005086225762641055
dataframe000013,50.0,2.2,5.985896,-0.5878649,0.3158221,-0.6411888,-0.000583248,0.043779314,-0.903687,0.9990912,$\alpha_2$-dominated,-0.0005086225762641055,-0.0005086225762640146,1.8452124224770297,-0.11707385587190458,-0.2634791599711563,0.3448876075907475,-0.0005086225762641055
dataframe000016,80.0,2.8,7.364171,-0.52454066,0.10048915,-0.00044150563,-0.79164153,-0.32356238,-0.6250298,0.0005573982,$\beta_2$-dominated,-2.2063692923539472e-05,-2.2063692923276438e-05,-0.10788515523906474,0.5129633103888619,0.013689358711655079,0.3621138184202866,-2.2063692923539472e-05
dataframe000016,80.0,2.8,7.364171,-0.52454066,0.10048915,-0.00044150563,-0.79164153,-0.32356238,-0.6250298,0.0005573982,$\beta_2$-dominated,-2.2063692923539472e-05,-2.2063692923276438e-05,-0.10788515523906474,0.5129633103888619,0.013689358711655079,0.3621138184202866,-2.2063692923539472e-05
dataframe000016,80.0,2.8,7.364171,-0.52454066,-0.098653845,-0.00044150563,-0.79164153,-0.72184837,-0.4258868,0.0005573982,$\beta_2$-dominated,3.724487028940098e-07,3.72448703059899e-07,-0.4368074947397515,0.05003195377663616,0.09826729075028524,0.3811974735239481,3.724487028940098e-07
dataframe000016,80.0,2.8,7.364171,-0.52454066,-0.098653845,-0.00044150563,-0.79164153,-0.72184837,-0.4258868,0.0005573982,$\beta_2$-dominated,3.724487028940098e-07,3.72448703059899e-07,-0.4368074947397515,0.05003195377663616,0.09826729075028524,0.3811974735239481,3.724487028940098e-07
dataframe000016,80.0,2.8,7.364171,-0.52454066,-0.098653845,-0.00044150563,-0.79164153,-0.72184837,-0.4258868,0.0005573982,$\beta_2$-dominated,3.724487028940098e-07,3.72448703059899e-07,-0.4368074947397515,0.05003195377663616,0.09826729075028524,0.3811974735239481,3.724487028940098e-07
dataframe000016,50.0,2.0,8.407251,-0.45889738,-0.34798014,0.0007290709,-1.18375,-1.1548576,-0.11091724,0.0006155203,$\beta_2$-dominated,0.0004527056443593802,0.000452705644359661,-1.404535163569832,-0.12976805001245198,0.5606796595552792,-0.09814122533951432,0.0004527056443593802
dataframe000016,50.0,2.0,8.407251,-0.45889738,0.7771948,0.0007290709,-1.18375,1.0954922,-1.2360922,0.0006155203,$\beta_2$-dominated,0.0003259067528662396,0.0003259067528662983,0.4539042140128607,2.485833738757319,0.0828071231525657,-0.20596549114153045,0.0003259067528662396
dataframe000016,50.0,2.0,8.407251,-0.45889738,0.8032653,0.0007290709,-1.18375,1.1476332,-1.2621627,0.0006155203,$\beta_2$-dominated,0.0003229695624836049,0.0003229695624836081,0.49696453821313963,2.5464376318478816,0.07173474302994719,-0.2084637962944654,0.0003229695624836049
dataframe000016,50.0,2.0,8.407251,-0.45889738,-0.47737443,0.0007290709,-1.18375,-1.4136462,0.018477052,0.0006155203,$\beta_2$-dominated,0.0004672836550802917,0.00046728365508068347,-1.6182543257788562,-0.43056033382522474,0.6156346522873252,-0.08574151181798263,0.0004672836550802917
dataframe000016,50.0,2.0,8.407251,-0.45889738,-0.47737443,0.0007290709,-1.18375,-1.4136462,0.018477052,0.0006155203,$\beta_2$-dominated,0.0004672836550802917,0.00046728365508068347,-1.6182543257788562,-0.43056033382522474,0.6156346522873252,-0.08574151181798263,0.0004672836550802917
dataframe000014,80.0,2.8,3.2135823,-0.24033052,0.0700456,-0.644574,-0.00021036866,-0.10023932,-0.3103761,0.9996738,$\alpha_2$-dominated,0.00017309072269027103,0.00017309072269028493,1.6157351514416936,-1.3413799980257164,-1.899907538874576,0.37060678365391064,0.00017309072269027103
dataframe000014,80.0,2.8,3.2135823,-0.24033052,0.0700456,-0.644574,-0.00021036866,-0.10023932,-0.3103761,0.9996738,$\alpha_2$-dominated,0.00017309072269027103,0.00017309072269028493,1.6157351514416936,-1.3413799980257164,-1.899907538874576,0.37060678365391064,0.00017309072269027103
dataframe000014,80.0,2.8,3.2135823,-0.24033052,0.0700456,-0.644574,-0.00021036866,-0.10023932,-0.3103761,0.9996738,$\alpha_2$-dominated,0.00017309072269027103,0.00017309072269028493,1.6157351514416936,-1.3413799980257164,-1.899907538874576,0.37060678365391064,0.00017309072269027103
dataframe000014,80.0,2.8,3.2135823,-0.24033052,0.12404312,-0.644574,-0.00021036866,0.0077557266,-0.36437362,0.9996738,$\alpha_2$-dominated,0.00016701536707090946,0.00016701536707086786,1.7049222744352521,-1.2158563970054097,-1.9228408067040583,0.3654322555721218,0.00016701536707090946
dataframe000014,80.0,2.8,3.2135823,-0.24033052,0.0700456,-0.644574,-0.00021036866,-0.10023932,-0.3103761,0.9996738,$\alpha_2$-dominated,0.00017309072269027103,0.00017309072269028493,1.6157351514416936,-1.3413799980257164,-1.899907538874576,0.37060678365391064,0.00017309072269027103
dataframe000013,60.0,2.4,9.579286,-0.76913404,0.4275768,0.0008724487,-0.85618794,0.086019576,-1.1967108,0.0010179548,$\beta_2$-dominated,0.00044335883896382943,0.0004433588389638444,0.2119267719443248,1.8190255620884288,1.216461204943887,0.24399225353929618,0.00044335883896382943
dataframe000013,60.0,2.4,9.579286,-0.76913404,0.5534792,0.0008724487,-0.85618794,0.33782434,-1.3226132,0.0010179548,$\beta_2$-dominated,0.00042914146635236305,0.0004291414663527527,0.4198784145275733,2.1117005244377127,1.1629892723228579,0.2319271834652645,0.00042914146635236305
dataframe000013,60.0,2.4,9.579286,-0.76913404,0.5534792,0.0008724487,-0.85618794,0.33782434,-1.3226132,0.0010179548,$\beta_2$-dominated,0.00042914146635236305,0.0004291414663527527,0.4198784145275733,2.1117005244377127,1.1629892723228579,0.2319271834652645,0.00042914146635236305
dataframe000013,60.0,2.4,9.579286,-0.76913404,0.5534792,0.0008724487,-0.85618794,0.33782434,-1.3226132,0.0010179548,$\beta_2$-dominated,0.00042914146635236305,0.0004291414663527527,0.4198784145275733,2.1117005244377127,1.1629892723228579,0.2319271834652645,0.00042914146635236305
dataframe000013,60.0,2.4,9.579286,-0.76913404,0.5534792,0.0008724487,-0.85618794,0.33782434,-1.3226132,0.0010179548,$\beta_2$-dominated,0.00042914146635236305,0.0004291414663527527,0.4198784145275733,2.1117005244377127,1.1629892723228579,0.2319271834652645,0.00042914146635236305
